feature_left,feature_right,spearman,abs_spearman,diagnostic_only
raw_log_return,raw_log_return_mean_3,0.8393382740125226,0.8393382740125226,True
raw_log_return,raw_log_return_mean_12,0.6368487091397649,0.6368487091397649,True
raw_log_return,raw_log_return_mean_24,0.49895099903635526,0.49895099903635526,True
raw_log_return,raw_body_bps,0.9999885751802549,0.9999885751802549,True
raw_log_return,lower_wick_fraction,-0.26598104102793607,0.26598104102793607,True
raw_log_return,upper_wick_fraction,0.3358881533700408,0.3358881533700408,True
raw_log_return,raw_taker_imbalance,0.7411559214463704,0.7411559214463704,True
raw_log_return,raw_taker_imbalance_mean_3,0.5212507007146518,0.5212507007146518,True
raw_log_return,raw_taker_imbalance_mean_12,0.2918517126673254,0.2918517126673254,True
raw_log_return,raw_taker_imbalance_delta,0.46446959169822144,0.46446959169822144,True
raw_log_return,raw_channel_slope,-0.20218115921278562,0.20218115921278562,True
raw_log_return,channel_r2,-0.008136572829439193,0.008136572829439193,True
raw_log_return,channel_width_pct,0.002073561851159862,0.002073561851159862,True
raw_log_return,raw_channel_position,0.36190328078243345,0.36190328078243345,True
raw_log_return,raw_distance_mid_bps,0.32184937042032313,0.32184937042032313,True
raw_log_return,raw_rsi_channel,-0.12124674735206561,0.12124674735206561,True
raw_log_return,raw_oi_chg_15m,0.047333864124803025,0.047333864124803025,True
raw_log_return,raw_oi_chg_1h,0.06322807876820935,0.06322807876820935,True
raw_log_return,raw_oi_chg_4h,0.0348687123845519,0.0348687123845519,True
raw_log_return,raw_oi_accel_1h,0.06600635642381396,0.06600635642381396,True
raw_log_return,raw_price_oi_interaction,-0.05456897276637223,0.05456897276637223,True
raw_log_return,raw_funding_z,-0.08075296080723185,0.08075296080723185,True
raw_log_return,positioning_stale,-0.02191605974334188,0.02191605974334188,True
raw_log_return,positioning_age_log,0.011169272024668307,0.011169272024668307,True
raw_log_return,adaptive_barrier_bps,-0.028604424886118116,0.028604424886118116,True
raw_log_return,window_age_fraction,-0.021946959248301385,0.021946959248301385,True
raw_log_return,activation_margin,-0.06583036310699454,0.06583036310699454,True
raw_log_return_mean_3,raw_log_return_mean_12,0.7682600564930938,0.7682600564930938,True
raw_log_return_mean_3,raw_log_return_mean_24,0.6195525873848966,0.6195525873848966,True
raw_log_return_mean_3,raw_body_bps,0.8392093829831385,0.8392093829831385,True
raw_log_return_mean_3,lower_wick_fraction,-0.3002960664467108,0.3002960664467108,True
raw_log_return_mean_3,upper_wick_fraction,0.2974644274739283,0.2974644274739283,True
raw_log_return_mean_3,raw_taker_imbalance,0.6784951027654113,0.6784951027654113,True
raw_log_return_mean_3,raw_taker_imbalance_mean_3,0.694659127773172,0.694659127773172,True
raw_log_return_mean_3,raw_taker_imbalance_mean_12,0.39492046328275426,0.39492046328275426,True
raw_log_return_mean_3,raw_taker_imbalance_delta,0.23124238284690107,0.23124238284690107,True
raw_log_return_mean_3,raw_channel_slope,-0.22528955498964837,0.22528955498964837,True
raw_log_return_mean_3,channel_r2,0.007076114958031934,0.007076114958031934,True
raw_log_return_mean_3,channel_width_pct,0.020370594733397272,0.020370594733397272,True
raw_log_return_mean_3,raw_channel_position,0.4385720316507537,0.4385720316507537,True
raw_log_return_mean_3,raw_distance_mid_bps,0.3935272600988552,0.3935272600988552,True
raw_log_return_mean_3,raw_rsi_channel,-0.07349757975237546,0.07349757975237546,True
raw_log_return_mean_3,raw_oi_chg_15m,0.08063099906453654,0.08063099906453654,True
raw_log_return_mean_3,raw_oi_chg_1h,0.0921001557642985,0.0921001557642985,True
raw_log_return_mean_3,raw_oi_chg_4h,0.05477597843174616,0.05477597843174616,True
raw_log_return_mean_3,raw_oi_accel_1h,0.0856309191775032,0.0856309191775032,True
raw_log_return_mean_3,raw_price_oi_interaction,-0.07780608757971264,0.07780608757971264,True
raw_log_return_mean_3,raw_funding_z,-0.08812764925594502,0.08812764925594502,True
raw_log_return_mean_3,positioning_stale,-0.011579023468763168,0.011579023468763168,True
raw_log_return_mean_3,positioning_age_log,0.026904825260134206,0.026904825260134206,True
raw_log_return_mean_3,adaptive_barrier_bps,-0.01642308587333905,0.01642308587333905,True
raw_log_return_mean_3,window_age_fraction,-0.042628291648552336,0.042628291648552336,True
raw_log_return_mean_3,activation_margin,-0.07793947230150158,0.07793947230150158,True
raw_log_return_mean_12,raw_log_return_mean_24,0.7681370972902567,0.7681370972902567,True
raw_log_return_mean_12,raw_body_bps,0.6367293188375279,0.6367293188375279,True
raw_log_return_mean_12,lower_wick_fraction,-0.3011326006450773,0.3011326006450773,True
raw_log_return_mean_12,upper_wick_fraction,0.24106741495665907,0.24106741495665907,True
raw_log_return_mean_12,raw_taker_imbalance,0.547542786979436,0.547542786979436,True
raw_log_return_mean_12,raw_taker_imbalance_mean_3,0.5917861520940293,0.5917861520940293,True
raw_log_return_mean_12,raw_taker_imbalance_mean_12,0.5607751547520402,0.5607751547520402,True
raw_log_return_mean_12,raw_taker_imbalance_delta,0.17346782376136582,0.17346782376136582,True
raw_log_return_mean_12,raw_channel_slope,-0.19341570996886576,0.19341570996886576,True
raw_log_return_mean_12,channel_r2,0.02183270990574151,0.02183270990574151,True
raw_log_return_mean_12,channel_width_pct,0.014491419869158258,0.014491419869158258,True
raw_log_return_mean_12,raw_channel_position,0.47736518952449986,0.47736518952449986,True
raw_log_return_mean_12,raw_distance_mid_bps,0.4351483653956902,0.4351483653956902,True
raw_log_return_mean_12,raw_rsi_channel,0.051724545834075396,0.051724545834075396,True
raw_log_return_mean_12,raw_oi_chg_15m,0.10679601694373185,0.10679601694373185,True
raw_log_return_mean_12,raw_oi_chg_1h,0.11524813273921478,0.11524813273921478,True
raw_log_return_mean_12,raw_oi_chg_4h,0.0690796936506085,0.0690796936506085,True
raw_log_return_mean_12,raw_oi_accel_1h,0.09795888366384631,0.09795888366384631,True
raw_log_return_mean_12,raw_price_oi_interaction,-0.09999848993195744,0.09999848993195744,True
raw_log_return_mean_12,raw_funding_z,-0.08117789408370253,0.08117789408370253,True
raw_log_return_mean_12,positioning_stale,-0.01218073155041775,0.01218073155041775,True
raw_log_return_mean_12,positioning_age_log,0.02873516848771599,0.02873516848771599,True
raw_log_return_mean_12,adaptive_barrier_bps,-0.02209224414994226,0.02209224414994226,True
raw_log_return_mean_12,window_age_fraction,-0.03461819563690818,0.03461819563690818,True
raw_log_return_mean_12,activation_margin,-0.09517650426946818,0.09517650426946818,True
raw_log_return_mean_24,raw_body_bps,0.49880851992005404,0.49880851992005404,True
raw_log_return_mean_24,lower_wick_fraction,-0.27505215246765863,0.27505215246765863,True
raw_log_return_mean_24,upper_wick_fraction,0.1915840365365816,0.1915840365365816,True
raw_log_return_mean_24,raw_taker_imbalance,0.44050580632971675,0.44050580632971675,True
raw_log_return_mean_24,raw_taker_imbalance_mean_3,0.48992291442103775,0.48992291442103775,True
raw_log_return_mean_24,raw_taker_imbalance_mean_12,0.4614516530525429,0.4614516530525429,True
raw_log_return_mean_24,raw_taker_imbalance_delta,0.1279936104319428,0.1279936104319428,True
raw_log_return_mean_24,raw_channel_slope,-0.2414712364289747,0.2414712364289747,True
raw_log_return_mean_24,channel_r2,0.03217149436137177,0.03217149436137177,True
raw_log_return_mean_24,channel_width_pct,0.005243175801232892,0.005243175801232892,True
raw_log_return_mean_24,raw_channel_position,0.5560272340686416,0.5560272340686416,True
raw_log_return_mean_24,raw_distance_mid_bps,0.5191110524032443,0.5191110524032443,True
raw_log_return_mean_24,raw_rsi_channel,0.2320058762192013,0.2320058762192013,True
raw_log_return_mean_24,raw_oi_chg_15m,0.09632410384386168,0.09632410384386168,True
raw_log_return_mean_24,raw_oi_chg_1h,0.11657083112310401,0.11657083112310401,True
raw_log_return_mean_24,raw_oi_chg_4h,0.10078738439428535,0.10078738439428535,True
raw_log_return_mean_24,raw_oi_accel_1h,0.06282051380802689,0.06282051380802689,True
raw_log_return_mean_24,raw_price_oi_interaction,-0.05988027232773572,0.05988027232773572,True
raw_log_return_mean_24,raw_funding_z,-0.09177550931678638,0.09177550931678638,True
raw_log_return_mean_24,positioning_stale,-0.01326843462110103,0.01326843462110103,True
raw_log_return_mean_24,positioning_age_log,0.031115648731446767,0.031115648731446767,True
raw_log_return_mean_24,adaptive_barrier_bps,-0.040875044426729866,0.040875044426729866,True
raw_log_return_mean_24,window_age_fraction,-0.009871439389627718,0.009871439389627718,True
raw_log_return_mean_24,activation_margin,-0.07859548567112852,0.07859548567112852,True
raw_body_bps,lower_wick_fraction,-0.26600415704768116,0.26600415704768116,True
raw_body_bps,upper_wick_fraction,0.3358940842099161,0.3358940842099161,True
raw_body_bps,raw_taker_imbalance,0.7411786507557955,0.7411786507557955,True
raw_body_bps,raw_taker_imbalance_mean_3,0.5211635853127892,0.5211635853127892,True
raw_body_bps,raw_taker_imbalance_mean_12,0.29179076593497333,0.29179076593497333,True
raw_body_bps,raw_taker_imbalance_delta,0.46458237543421255,0.46458237543421255,True
raw_body_bps,raw_channel_slope,-0.2021659711816684,0.2021659711816684,True
raw_body_bps,channel_r2,-0.007975078294613861,0.007975078294613861,True
raw_body_bps,channel_width_pct,0.001843613770582168,0.001843613770582168,True
raw_body_bps,raw_channel_position,0.36179917002157774,0.36179917002157774,True
raw_body_bps,raw_distance_mid_bps,0.3217852642067038,0.3217852642067038,True
raw_body_bps,raw_rsi_channel,-0.12129276156899448,0.12129276156899448,True
raw_body_bps,raw_oi_chg_15m,0.04732919026735284,0.04732919026735284,True
raw_body_bps,raw_oi_chg_1h,0.06319808122569096,0.06319808122569096,True
raw_body_bps,raw_oi_chg_4h,0.03482985676660953,0.03482985676660953,True
raw_body_bps,raw_oi_accel_1h,0.06585754051819137,0.06585754051819137,True
raw_body_bps,raw_price_oi_interaction,-0.054460233011743804,0.054460233011743804,True
raw_body_bps,raw_funding_z,-0.08079903606600393,0.08079903606600393,True
raw_body_bps,positioning_stale,-0.02191605974334188,0.02191605974334188,True
raw_body_bps,positioning_age_log,0.011143148950507876,0.011143148950507876,True
raw_body_bps,adaptive_barrier_bps,-0.028726348463026227,0.028726348463026227,True
raw_body_bps,window_age_fraction,-0.022020702947273037,0.022020702947273037,True
raw_body_bps,activation_margin,-0.06573561075699443,0.06573561075699443,True
lower_wick_fraction,upper_wick_fraction,-0.19085815804495537,0.19085815804495537,True
lower_wick_fraction,raw_taker_imbalance,-0.29236409092219795,0.29236409092219795,True
lower_wick_fraction,raw_taker_imbalance_mean_3,-0.28230179176930326,0.28230179176930326,True
lower_wick_fraction,raw_taker_imbalance_mean_12,-0.17115266921135483,0.17115266921135483,True
lower_wick_fraction,raw_taker_imbalance_delta,-0.11920471801908844,0.11920471801908844,True
lower_wick_fraction,raw_channel_slope,0.10422010730271639,0.10422010730271639,True
lower_wick_fraction,channel_r2,-0.004880847234632389,0.004880847234632389,True
lower_wick_fraction,channel_width_pct,-0.029268162930639986,0.029268162930639986,True
lower_wick_fraction,raw_channel_position,-0.25544313359877907,0.25544313359877907,True
lower_wick_fraction,raw_distance_mid_bps,-0.21166687886091112,0.21166687886091112,True
lower_wick_fraction,raw_rsi_channel,-0.05071749940674189,0.05071749940674189,True
lower_wick_fraction,raw_oi_chg_15m,-0.028380809978308014,0.028380809978308014,True
lower_wick_fraction,raw_oi_chg_1h,-0.026814848898240696,0.026814848898240696,True
lower_wick_fraction,raw_oi_chg_4h,-0.03623430672221225,0.03623430672221225,True
lower_wick_fraction,raw_oi_accel_1h,-0.003956594532788577,0.003956594532788577,True
lower_wick_fraction,raw_price_oi_interaction,0.033557123951583605,0.033557123951583605,True
lower_wick_fraction,raw_funding_z,0.047112244473755546,0.047112244473755546,True
lower_wick_fraction,positioning_stale,-0.018702016294506643,0.018702016294506643,True
lower_wick_fraction,positioning_age_log,-0.03849370861384682,0.03849370861384682,True
lower_wick_fraction,adaptive_barrier_bps,-0.07517563251310802,0.07517563251310802,True
lower_wick_fraction,window_age_fraction,0.12180271954279046,0.12180271954279046,True
lower_wick_fraction,activation_margin,-0.03892238177039203,0.03892238177039203,True
upper_wick_fraction,raw_taker_imbalance,0.30700417212110975,0.30700417212110975,True
upper_wick_fraction,raw_taker_imbalance_mean_3,0.24510940253537028,0.24510940253537028,True
upper_wick_fraction,raw_taker_imbalance_mean_12,0.1635292840538192,0.1635292840538192,True
upper_wick_fraction,raw_taker_imbalance_delta,0.14921198415218537,0.14921198415218537,True
upper_wick_fraction,raw_channel_slope,-0.05767420735438217,0.05767420735438217,True
upper_wick_fraction,channel_r2,-0.0009030171746728335,0.0009030171746728335,True
upper_wick_fraction,channel_width_pct,0.06771075196259685,0.06771075196259685,True
upper_wick_fraction,raw_channel_position,0.15351193244589967,0.15351193244589967,True
upper_wick_fraction,raw_distance_mid_bps,0.12203448974862056,0.12203448974862056,True
upper_wick_fraction,raw_rsi_channel,-0.02124508162835792,0.02124508162835792,True
upper_wick_fraction,raw_oi_chg_15m,0.046183437396444545,0.046183437396444545,True
upper_wick_fraction,raw_oi_chg_1h,0.039056577147218205,0.039056577147218205,True
upper_wick_fraction,raw_oi_chg_4h,0.023109276648626057,0.023109276648626057,True
upper_wick_fraction,raw_oi_accel_1h,0.04192394511643047,0.04192394511643047,True
upper_wick_fraction,raw_price_oi_interaction,-0.02412034870514891,0.02412034870514891,True
upper_wick_fraction,raw_funding_z,-0.022744456717839107,0.022744456717839107,True
upper_wick_fraction,positioning_stale,-0.013814832354602836,0.013814832354602836,True
upper_wick_fraction,positioning_age_log,-0.020166943147541246,0.020166943147541246,True
upper_wick_fraction,adaptive_barrier_bps,-0.01883941020349139,0.01883941020349139,True
upper_wick_fraction,window_age_fraction,0.07118297258551749,0.07118297258551749,True
upper_wick_fraction,activation_margin,-0.06535180705724739,0.06535180705724739,True
raw_taker_imbalance,raw_taker_imbalance_mean_3,0.7232341944721271,0.7232341944721271,True
raw_taker_imbalance,raw_taker_imbalance_mean_12,0.4400419936477729,0.4400419936477729,True
raw_taker_imbalance,raw_taker_imbalance_delta,0.5901239927935304,0.5901239927935304,True
raw_taker_imbalance,raw_channel_slope,-0.12871919092036985,0.12871919092036985,True
raw_taker_imbalance,channel_r2,-0.008863351270515244,0.008863351270515244,True
raw_taker_imbalance,channel_width_pct,0.03644004684636618,0.03644004684636618,True
raw_taker_imbalance,raw_channel_position,0.3337721203081036,0.3337721203081036,True
raw_taker_imbalance,raw_distance_mid_bps,0.2816295461686524,0.2816295461686524,True
raw_taker_imbalance,raw_rsi_channel,-0.023579464510293267,0.023579464510293267,True
raw_taker_imbalance,raw_oi_chg_15m,0.01576192674348429,0.01576192674348429,True
raw_taker_imbalance,raw_oi_chg_1h,0.03869502876018548,0.03869502876018548,True
raw_taker_imbalance,raw_oi_chg_4h,0.01877006893935017,0.01877006893935017,True
raw_taker_imbalance,raw_oi_accel_1h,0.04006026453520506,0.04006026453520506,True
raw_taker_imbalance,raw_price_oi_interaction,-0.01169771527745049,0.01169771527745049,True
raw_taker_imbalance,raw_funding_z,-0.03617211014505358,0.03617211014505358,True
raw_taker_imbalance,positioning_stale,0.01046817777955471,0.01046817777955471,True
raw_taker_imbalance,positioning_age_log,0.028708588186863112,0.028708588186863112,True
raw_taker_imbalance,adaptive_barrier_bps,0.03481872814335611,0.03481872814335611,True
raw_taker_imbalance,window_age_fraction,-0.04737240631609559,0.04737240631609559,True
raw_taker_imbalance,activation_margin,-0.0013791786405232833,0.0013791786405232833,True
raw_taker_imbalance_mean_3,raw_taker_imbalance_mean_12,0.6516897900545793,0.6516897900545793,True
raw_taker_imbalance_mean_3,raw_taker_imbalance_delta,0.044601072230608454,0.044601072230608454,True
raw_taker_imbalance_mean_3,raw_channel_slope,-0.12483602324905212,0.12483602324905212,True
raw_taker_imbalance_mean_3,channel_r2,-0.007240541684001376,0.007240541684001376,True
raw_taker_imbalance_mean_3,channel_width_pct,0.07015221052064002,0.07015221052064002,True
raw_taker_imbalance_mean_3,raw_channel_position,0.360604883428467,0.360604883428467,True
raw_taker_imbalance_mean_3,raw_distance_mid_bps,0.295490138196495,0.295490138196495,True
raw_taker_imbalance_mean_3,raw_rsi_channel,0.015117159085717072,0.015117159085717072,True
raw_taker_imbalance_mean_3,raw_oi_chg_15m,0.046788727776177354,0.046788727776177354,True
raw_taker_imbalance_mean_3,raw_oi_chg_1h,0.059277716108619274,0.059277716108619274,True
raw_taker_imbalance_mean_3,raw_oi_chg_4h,0.02523306834503129,0.02523306834503129,True
raw_taker_imbalance_mean_3,raw_oi_accel_1h,0.05627162502576298,0.05627162502576298,True
raw_taker_imbalance_mean_3,raw_price_oi_interaction,-0.02355680327434449,0.02355680327434449,True
raw_taker_imbalance_mean_3,raw_funding_z,-0.023129698674087748,0.023129698674087748,True
raw_taker_imbalance_mean_3,positioning_stale,0.015351270288366891,0.015351270288366891,True
raw_taker_imbalance_mean_3,positioning_age_log,0.006877869795886038,0.006877869795886038,True
raw_taker_imbalance_mean_3,adaptive_barrier_bps,0.08033476690538606,0.08033476690538606,True
raw_taker_imbalance_mean_3,window_age_fraction,-0.0710202101073728,0.0710202101073728,True
raw_taker_imbalance_mean_3,activation_margin,-0.007825075132458593,0.007825075132458593,True
raw_taker_imbalance_mean_12,raw_taker_imbalance_delta,-0.019288109626500884,0.019288109626500884,True
raw_taker_imbalance_mean_12,raw_channel_slope,-0.05230977957380089,0.05230977957380089,True
raw_taker_imbalance_mean_12,channel_r2,-0.003111192960644837,0.003111192960644837,True
raw_taker_imbalance_mean_12,channel_width_pct,0.08016411998829215,0.08016411998829215,True
raw_taker_imbalance_mean_12,raw_channel_position,0.2813784786969776,0.2813784786969776,True
raw_taker_imbalance_mean_12,raw_distance_mid_bps,0.22879642529265712,0.22879642529265712,True
raw_taker_imbalance_mean_12,raw_rsi_channel,0.09248368884370764,0.09248368884370764,True
raw_taker_imbalance_mean_12,raw_oi_chg_15m,0.050746209983448115,0.050746209983448115,True
raw_taker_imbalance_mean_12,raw_oi_chg_1h,0.07983152335003062,0.07983152335003062,True
raw_taker_imbalance_mean_12,raw_oi_chg_4h,0.033334499299478064,0.033334499299478064,True
raw_taker_imbalance_mean_12,raw_oi_accel_1h,0.057203686410190795,0.057203686410190795,True
raw_taker_imbalance_mean_12,raw_price_oi_interaction,-0.049390795099104996,0.049390795099104996,True
raw_taker_imbalance_mean_12,raw_funding_z,0.022307551647878836,0.022307551647878836,True
raw_taker_imbalance_mean_12,positioning_stale,-0.001596840678237159,0.001596840678237159,True
raw_taker_imbalance_mean_12,positioning_age_log,-0.03019870510810635,0.03019870510810635,True
raw_taker_imbalance_mean_12,adaptive_barrier_bps,0.10597449444331171,0.10597449444331171,True
raw_taker_imbalance_mean_12,window_age_fraction,-0.04682225031087882,0.04682225031087882,True
raw_taker_imbalance_mean_12,activation_margin,-0.00835770740124204,0.00835770740124204,True
raw_taker_imbalance_delta,raw_channel_slope,-0.06159327619126928,0.06159327619126928,True
raw_taker_imbalance_delta,channel_r2,-0.02057330662366381,0.02057330662366381,True
raw_taker_imbalance_delta,channel_width_pct,-0.004308872861505223,0.004308872861505223,True
raw_taker_imbalance_delta,raw_channel_position,0.10061965735629323,0.10061965735629323,True
raw_taker_imbalance_delta,raw_distance_mid_bps,0.09848991235033265,0.09848991235033265,True
raw_taker_imbalance_delta,raw_rsi_channel,-0.04527543667795513,0.04527543667795513,True
raw_taker_imbalance_delta,raw_oi_chg_15m,-0.015339087634544639,0.015339087634544639,True
raw_taker_imbalance_delta,raw_oi_chg_1h,-0.0008705746529396802,0.0008705746529396802,True
raw_taker_imbalance_delta,raw_oi_chg_4h,-0.008384583344758592,0.008384583344758592,True
raw_taker_imbalance_delta,raw_oi_accel_1h,0.008411954726323969,0.008411954726323969,True
raw_taker_imbalance_delta,raw_price_oi_interaction,0.01322756885098789,0.01322756885098789,True
raw_taker_imbalance_delta,raw_funding_z,-0.02981053743417167,0.02981053743417167,True
raw_taker_imbalance_delta,positioning_stale,-0.0018899805128893912,0.0018899805128893912,True
raw_taker_imbalance_delta,positioning_age_log,0.01769343859590568,0.01769343859590568,True
raw_taker_imbalance_delta,adaptive_barrier_bps,-0.03186327928272708,0.03186327928272708,True
raw_taker_imbalance_delta,window_age_fraction,0.0017002207266926482,0.0017002207266926482,True
raw_taker_imbalance_delta,activation_margin,0.011446944730214318,0.011446944730214318,True
raw_channel_slope,channel_r2,0.1800544063030754,0.1800544063030754,True
raw_channel_slope,channel_width_pct,0.06833137656839916,0.06833137656839916,True
raw_channel_slope,raw_channel_position,-0.6557291906173557,0.6557291906173557,True
raw_channel_slope,raw_distance_mid_bps,-0.7366788553792997,0.7366788553792997,True
raw_channel_slope,raw_rsi_channel,0.24074962861536658,0.24074962861536658,True
raw_channel_slope,raw_oi_chg_15m,-0.03702340158829727,0.03702340158829727,True
raw_channel_slope,raw_oi_chg_1h,-0.04323597019216303,0.04323597019216303,True
raw_channel_slope,raw_oi_chg_4h,-0.07398881343333746,0.07398881343333746,True
raw_channel_slope,raw_oi_accel_1h,-0.016713809077028803,0.016713809077028803,True
raw_channel_slope,raw_price_oi_interaction,0.05684618657124641,0.05684618657124641,True
raw_channel_slope,raw_funding_z,0.26150109936161736,0.26150109936161736,True
raw_channel_slope,positioning_stale,-0.004991091395263004,0.004991091395263004,True
raw_channel_slope,positioning_age_log,-0.012296166075546329,0.012296166075546329,True
raw_channel_slope,adaptive_barrier_bps,-0.06849155447567118,0.06849155447567118,True
raw_channel_slope,window_age_fraction,-0.009726621944590437,0.009726621944590437,True
raw_channel_slope,activation_margin,0.017049882469020103,0.017049882469020103,True
channel_r2,channel_width_pct,0.07198106439744803,0.07198106439744803,True
channel_r2,raw_channel_position,-0.02226053052983964,0.02226053052983964,True
channel_r2,raw_distance_mid_bps,-0.03325965548200988,0.03325965548200988,True
channel_r2,raw_rsi_channel,0.09577700982568962,0.09577700982568962,True
channel_r2,raw_oi_chg_15m,-0.04864869159166678,0.04864869159166678,True
channel_r2,raw_oi_chg_1h,-0.07505125254870405,0.07505125254870405,True
channel_r2,raw_oi_chg_4h,-0.0715236623421787,0.0715236623421787,True
channel_r2,raw_oi_accel_1h,-0.037315172824750754,0.037315172824750754,True
channel_r2,raw_price_oi_interaction,0.007122741828985054,0.007122741828985054,True
channel_r2,raw_funding_z,0.0891493931510064,0.0891493931510064,True
channel_r2,positioning_stale,-0.00636422009442346,0.00636422009442346,True
channel_r2,positioning_age_log,0.025656116782440987,0.025656116782440987,True
channel_r2,adaptive_barrier_bps,0.08224753852091798,0.08224753852091798,True
channel_r2,window_age_fraction,-0.09724373644097167,0.09724373644097167,True
channel_r2,activation_margin,0.02693782879484674,0.02693782879484674,True
channel_width_pct,raw_channel_position,0.05082990561883333,0.05082990561883333,True
channel_width_pct,raw_distance_mid_bps,-0.04469311641136361,0.04469311641136361,True
channel_width_pct,raw_rsi_channel,-0.027622213914066707,0.027622213914066707,True
channel_width_pct,raw_oi_chg_15m,-0.001864268363626106,0.001864268363626106,True
channel_width_pct,raw_oi_chg_1h,-0.029257670976674203,0.029257670976674203,True
channel_width_pct,raw_oi_chg_4h,-0.09247100695303892,0.09247100695303892,True
channel_width_pct,raw_oi_accel_1h,0.018421539305707006,0.018421539305707006,True
channel_width_pct,raw_price_oi_interaction,0.017296640239733145,0.017296640239733145,True
channel_width_pct,raw_funding_z,-0.037509788918059596,0.037509788918059596,True
channel_width_pct,positioning_stale,-0.0192006591697212,0.0192006591697212,True
channel_width_pct,positioning_age_log,-0.057732547893803034,0.057732547893803034,True
channel_width_pct,adaptive_barrier_bps,0.48443290431605407,0.48443290431605407,True
channel_width_pct,window_age_fraction,-0.2104880998746174,0.2104880998746174,True
channel_width_pct,activation_margin,0.1905728304731392,0.1905728304731392,True
raw_channel_position,raw_distance_mid_bps,0.9464942449744546,0.9464942449744546,True
raw_channel_position,raw_rsi_channel,0.34671108282704566,0.34671108282704566,True
raw_channel_position,raw_oi_chg_15m,0.052004564920116375,0.052004564920116375,True
raw_channel_position,raw_oi_chg_1h,0.08538957249256114,0.08538957249256114,True
raw_channel_position,raw_oi_chg_4h,0.1459711647844496,0.1459711647844496,True
raw_channel_position,raw_oi_accel_1h,0.025837383629775255,0.025837383629775255,True
raw_channel_position,raw_price_oi_interaction,-0.018558279287385914,0.018558279287385914,True
raw_channel_position,raw_funding_z,-0.18557324579888088,0.18557324579888088,True
raw_channel_position,positioning_stale,-0.010051610646848149,0.010051610646848149,True
raw_channel_position,positioning_age_log,0.017417649102049924,0.017417649102049924,True
raw_channel_position,adaptive_barrier_bps,0.05653737386652466,0.05653737386652466,True
raw_channel_position,window_age_fraction,-0.06481049993183703,0.06481049993183703,True
raw_channel_position,activation_margin,-0.02184698120165149,0.02184698120165149,True
raw_distance_mid_bps,raw_rsi_channel,0.3318320361167987,0.3318320361167987,True
raw_distance_mid_bps,raw_oi_chg_15m,0.06320404514361107,0.06320404514361107,True
raw_distance_mid_bps,raw_oi_chg_1h,0.09353808251589665,0.09353808251589665,True
raw_distance_mid_bps,raw_oi_chg_4h,0.15782552110820092,0.15782552110820092,True
raw_distance_mid_bps,raw_oi_accel_1h,0.02217562891888329,0.02217562891888329,True
raw_distance_mid_bps,raw_price_oi_interaction,-0.02295326777647383,0.02295326777647383,True
raw_distance_mid_bps,raw_funding_z,-0.22229883526154556,0.22229883526154556,True
raw_distance_mid_bps,positioning_stale,-0.007189640155154745,0.007189640155154745,True
raw_distance_mid_bps,positioning_age_log,0.033695259316654104,0.033695259316654104,True
raw_distance_mid_bps,adaptive_barrier_bps,0.018000764711592915,0.018000764711592915,True
raw_distance_mid_bps,window_age_fraction,-0.035524410957573554,0.035524410957573554,True
raw_distance_mid_bps,activation_margin,-0.03788709075232312,0.03788709075232312,True
raw_rsi_channel,raw_oi_chg_15m,0.01725123280596297,0.01725123280596297,True
raw_rsi_channel,raw_oi_chg_1h,0.06389987558094075,0.06389987558094075,True
raw_rsi_channel,raw_oi_chg_4h,0.14251522127359872,0.14251522127359872,True
raw_rsi_channel,raw_oi_accel_1h,-0.019401939208581034,0.019401939208581034,True
raw_rsi_channel,raw_price_oi_interaction,0.0852610871620856,0.0852610871620856,True
raw_rsi_channel,raw_funding_z,0.02181076120651698,0.02181076120651698,True
raw_rsi_channel,positioning_stale,0.005230231786689825,0.005230231786689825,True
raw_rsi_channel,positioning_age_log,0.030785323802313604,0.030785323802313604,True
raw_rsi_channel,adaptive_barrier_bps,-0.06739681853753515,0.06739681853753515,True
raw_rsi_channel,window_age_fraction,-0.025155293467082365,0.025155293467082365,True
raw_rsi_channel,activation_margin,0.0017798914247263333,0.0017798914247263333,True
raw_oi_chg_15m,raw_oi_chg_1h,0.5984475368728714,0.5984475368728714,True
raw_oi_chg_15m,raw_oi_chg_4h,0.3281626209827312,0.3281626209827312,True
raw_oi_chg_15m,raw_oi_accel_1h,0.4435923460144386,0.4435923460144386,True
raw_oi_chg_15m,raw_price_oi_interaction,-0.06712732682330562,0.06712732682330562,True
raw_oi_chg_15m,raw_funding_z,-0.02649529761424478,0.02649529761424478,True
raw_oi_chg_15m,positioning_stale,0.0014464136668481755,0.0014464136668481755,True
raw_oi_chg_15m,positioning_age_log,0.15229547224743228,0.15229547224743228,True
raw_oi_chg_15m,adaptive_barrier_bps,-0.07913948297859348,0.07913948297859348,True
raw_oi_chg_15m,window_age_fraction,0.036334181401289814,0.036334181401289814,True
raw_oi_chg_15m,activation_margin,-0.036911759056005626,0.036911759056005626,True
raw_oi_chg_1h,raw_oi_chg_4h,0.5513822029048927,0.5513822029048927,True
raw_oi_chg_1h,raw_oi_accel_1h,0.6839702815073379,0.6839702815073379,True
raw_oi_chg_1h,raw_price_oi_interaction,-0.12285312110801873,0.12285312110801873,True
raw_oi_chg_1h,raw_funding_z,-0.03245118976641742,0.03245118976641742,True
raw_oi_chg_1h,positioning_stale,0.0006557075258540833,0.0006557075258540833,True
raw_oi_chg_1h,positioning_age_log,0.08283194441225947,0.08283194441225947,True
raw_oi_chg_1h,adaptive_barrier_bps,-0.12884927022899745,0.12884927022899745,True
raw_oi_chg_1h,window_age_fraction,0.0005839564089961969,0.0005839564089961969,True
raw_oi_chg_1h,activation_margin,-0.01623937987826534,0.01623937987826534,True
raw_oi_chg_4h,raw_oi_accel_1h,0.08230297300007054,0.08230297300007054,True
raw_oi_chg_4h,raw_price_oi_interaction,-0.05631079830169049,0.05631079830169049,True
raw_oi_chg_4h,raw_funding_z,-0.03336848467731082,0.03336848467731082,True
raw_oi_chg_4h,positioning_stale,-0.007737348794158628,0.007737348794158628,True
raw_oi_chg_4h,positioning_age_log,0.05894258171188069,0.05894258171188069,True
raw_oi_chg_4h,adaptive_barrier_bps,-0.13938703549135248,0.13938703549135248,True
raw_oi_chg_4h,window_age_fraction,-0.06350212101318425,0.06350212101318425,True
raw_oi_chg_4h,activation_margin,-0.00397384350640451,0.00397384350640451,True
raw_oi_accel_1h,raw_price_oi_interaction,-0.08863189483466623,0.08863189483466623,True
raw_oi_accel_1h,raw_funding_z,-0.014720242495188517,0.014720242495188517,True
raw_oi_accel_1h,positioning_stale,0.0006942785562709815,0.0006942785562709815,True
raw_oi_accel_1h,positioning_age_log,0.06199059263655564,0.06199059263655564,True
raw_oi_accel_1h,adaptive_barrier_bps,-0.06274051379482065,0.06274051379482065,True
raw_oi_accel_1h,window_age_fraction,0.0477784412611005,0.0477784412611005,True
raw_oi_accel_1h,activation_margin,-0.02865564329722678,0.02865564329722678,True
raw_price_oi_interaction,raw_funding_z,-0.009783996861454404,0.009783996861454404,True
raw_price_oi_interaction,positioning_stale,-0.004281384433517838,0.004281384433517838,True
raw_price_oi_interaction,positioning_age_log,-0.019355447249437507,0.019355447249437507,True
raw_price_oi_interaction,adaptive_barrier_bps,0.04444491077750659,0.04444491077750659,True
raw_price_oi_interaction,window_age_fraction,-0.0056635910562701924,0.0056635910562701924,True
raw_price_oi_interaction,activation_margin,0.035573743816325214,0.035573743816325214,True
raw_funding_z,positioning_stale,-0.02700445828049726,0.02700445828049726,True
raw_funding_z,positioning_age_log,0.014038927193568446,0.014038927193568446,True
raw_funding_z,adaptive_barrier_bps,0.012959322443332932,0.012959322443332932,True
raw_funding_z,window_age_fraction,0.01831806741556399,0.01831806741556399,True
raw_funding_z,activation_margin,-0.01729866977393997,0.01729866977393997,True
positioning_stale,positioning_age_log,0.07009924225988697,0.07009924225988697,True
positioning_stale,adaptive_barrier_bps,0.011455605938268694,0.011455605938268694,True
positioning_stale,window_age_fraction,0.005267280985129189,0.005267280985129189,True
positioning_stale,activation_margin,-0.033263657026853286,0.033263657026853286,True
positioning_age_log,adaptive_barrier_bps,-0.019072349535471395,0.019072349535471395,True
positioning_age_log,window_age_fraction,0.003476977297836382,0.003476977297836382,True
positioning_age_log,activation_margin,-0.016114178545858435,0.016114178545858435,True
adaptive_barrier_bps,window_age_fraction,-0.14695593266830193,0.14695593266830193,True
adaptive_barrier_bps,activation_margin,0.2983901632959008,0.2983901632959008,True
window_age_fraction,activation_margin,-0.32004440828327313,0.32004440828327313,True
