head,position,feature,channel_feature,future_feature,known_at_decision_time
opportunity,0,adaptive_barrier_bps,False,False,True
opportunity,1,past_rv_15_bps,False,False,True
opportunity,2,past_rv_30_bps,False,False,True
opportunity,3,past_rv_60_bps,False,False,True
opportunity,4,past_rv_120_bps,False,False,True
opportunity,5,rv_ratio_15_60,False,False,True
opportunity,6,rv_ratio_60_120,False,False,True
opportunity,7,past_range_15_bps,False,False,True
opportunity,8,past_range_60_bps,False,False,True
opportunity,9,past_range_120_bps,False,False,True
opportunity,10,range_ratio_15_120,False,False,True
opportunity,11,past_abs_return_15_bps,False,False,True
opportunity,12,past_abs_return_60_bps,False,False,True
opportunity,13,volume_ratio_15_120,False,False,True
opportunity,14,trade_count_ratio_15_120,False,False,True
opportunity,15,taker_imbalance_abs_delta_15_120,False,False,True
opportunity,16,abs_oi_chg_1h,False,False,True
opportunity,17,abs_oi_chg_4h,False,False,True
opportunity,18,abs_funding_z,False,False,True
opportunity,19,positioning_age_log,False,False,True
direction,0,adaptive_barrier_bps,False,False,True
direction,1,return_5m_bps,False,False,True
direction,2,past_return_15_bps,False,False,True
direction,3,past_return_60_bps,False,False,True
direction,4,body_bps,False,False,True
direction,5,lower_wick_fraction,False,False,True
direction,6,upper_wick_fraction,False,False,True
direction,7,taker_imbalance,False,False,True
direction,8,taker_imbalance_delta_15_120,False,False,True
direction,9,oi_chg_15m,False,False,True
direction,10,oi_chg_1h,False,False,True
direction,11,oi_chg_4h,False,False,True
direction,12,oi_accel_1h,False,False,True
direction,13,funding_z,False,False,True
direction,14,price_oi_interaction,False,False,True
direction,15,positioning_stale,False,False,True
direction,16,positioning_age_log,False,False,True
