model,fold_id,train_rows,direction_train_rows,validation_rows,validation_start,train_label_end_max,opportunity_uniqueness_mean,direction_uniqueness_mean,shared_between_window_sources
logreg,2022H2,156869,64264,52992,2022-07-01 00:00:00+00:00,2022-07-01 00:00:00+00:00,1.0,1.0000000000000002,True
xgboost,2022H2,156869,64264,52992,2022-07-01 00:00:00+00:00,2022-07-01 00:00:00+00:00,1.0,1.0000000000000002,True
logreg,2023H1,209861,77138,52112,2023-01-01 00:00:00+00:00,2023-01-01 00:00:00+00:00,0.9999999999999998,1.0,True
xgboost,2023H1,209861,77138,52112,2023-01-01 00:00:00+00:00,2023-01-01 00:00:00+00:00,0.9999999999999998,1.0,True
logreg,2023H2,261949,87217,52992,2023-07-01 00:00:00+00:00,2023-07-01 00:00:00+00:00,1.0000000000000002,1.0,True
xgboost,2023H2,261949,87217,52992,2023-07-01 00:00:00+00:00,2023-07-01 00:00:00+00:00,1.0000000000000002,1.0,True
logreg,2024H1,314941,94134,52416,2024-01-01 00:00:00+00:00,2024-01-01 00:00:00+00:00,1.0000000000000004,1.0,True
xgboost,2024H1,314941,94134,52416,2024-01-01 00:00:00+00:00,2024-01-01 00:00:00+00:00,1.0000000000000004,1.0,True
logreg,2024H2,367357,105912,52992,2024-07-01 00:00:00+00:00,2024-07-01 00:00:00+00:00,0.9999999999999997,1.0,True
xgboost,2024H2,367357,105912,52992,2024-07-01 00:00:00+00:00,2024-07-01 00:00:00+00:00,0.9999999999999997,1.0,True
logreg,2025H1,420349,117799,52128,2025-01-01 00:00:00+00:00,2025-01-01 00:00:00+00:00,1.0,1.0000000000000002,True
xgboost,2025H1,420349,117799,52128,2025-01-01 00:00:00+00:00,2025-01-01 00:00:00+00:00,1.0,1.0000000000000002,True
