arm,model,feature_set,fold_id,policy,threshold,threshold_source,calibration_rows,calibration_activations,calibration_calendar_days,calibration_activations_per_day,outer_activations,calibration_precedes_outer
logreg_base,logreg,base,2022H1,level_rearm,0.24268693568416136,past_only_policy_calibration,4801,127,41,3.097560975609756,716,True
logreg_base,logreg,base,2022H2,level_rearm,0.2714825689585815,past_only_policy_calibration,7402,220,73,3.0136986301369864,355,True
logreg_base,logreg,base,2023H1,level_rearm,0.16395110358651868,past_only_policy_calibration,8988,283,95,2.9789473684210526,485,True
logreg_base,logreg,base,2023H2,level_rearm,0.15985894469104925,past_only_policy_calibration,11754,382,122,3.1311475409836067,302,True
logreg_base,logreg,base,2024H1,level_rearm,0.1434242797888355,past_only_policy_calibration,16339,474,159,2.981132075471698,918,True
logreg_base,logreg,base,2024H2,level_rearm,0.16759804428846742,past_only_policy_calibration,21398,576,198,2.909090909090909,519,True
logreg_base,logreg,base,2025H1,level_rearm,0.1637948719352805,past_only_policy_calibration,25331,740,242,3.0578512396694215,458,True
logreg_compact,logreg,compact_volatility_timing_v1,2022H1,level_rearm,0.2647701527869849,past_only_policy_calibration,4801,129,41,3.1463414634146343,512,True
logreg_compact,logreg,compact_volatility_timing_v1,2022H2,level_rearm,0.2734419565850775,past_only_policy_calibration,7402,224,73,3.0684931506849313,217,True
logreg_compact,logreg,compact_volatility_timing_v1,2023H1,level_rearm,0.16878006335212142,past_only_policy_calibration,8988,278,95,2.9263157894736844,488,True
logreg_compact,logreg,compact_volatility_timing_v1,2023H2,level_rearm,0.17272967892673421,past_only_policy_calibration,11754,355,122,2.9098360655737703,277,True
logreg_compact,logreg,compact_volatility_timing_v1,2024H1,level_rearm,0.14486409735817612,past_only_policy_calibration,16339,471,159,2.9622641509433962,921,True
logreg_compact,logreg,compact_volatility_timing_v1,2024H2,level_rearm,0.17272325852993034,past_only_policy_calibration,21398,594,198,3.0,539,True
logreg_compact,logreg,compact_volatility_timing_v1,2025H1,level_rearm,0.16325343453192023,past_only_policy_calibration,25331,746,242,3.0826446280991737,448,True
xgboost_base,xgboost,base,2022H1,level_rearm,0.2571410508114367,past_only_policy_calibration,4801,126,41,3.073170731707317,492,True
xgboost_base,xgboost,base,2022H2,level_rearm,0.26772063636430354,past_only_policy_calibration,7402,227,73,3.1095890410958904,236,True
xgboost_base,xgboost,base,2023H1,level_rearm,0.1669670242056575,past_only_policy_calibration,8988,295,95,3.1052631578947367,541,True
xgboost_base,xgboost,base,2023H2,level_rearm,0.16653486442003318,past_only_policy_calibration,11754,377,122,3.0901639344262297,305,True
xgboost_base,xgboost,base,2024H1,level_rearm,0.14156560487272557,past_only_policy_calibration,16339,455,159,2.861635220125786,910,True
xgboost_base,xgboost,base,2024H2,level_rearm,0.1662349785988645,past_only_policy_calibration,21398,600,198,3.0303030303030303,532,True
xgboost_base,xgboost,base,2025H1,level_rearm,0.17420667622978125,past_only_policy_calibration,25331,691,242,2.855371900826446,415,True
xgboost_compact,xgboost,compact_volatility_timing_v1,2022H1,level_rearm,0.25166786667416197,past_only_policy_calibration,4801,129,41,3.1463414634146343,533,True
xgboost_compact,xgboost,compact_volatility_timing_v1,2022H2,level_rearm,0.28620820939112723,past_only_policy_calibration,7402,212,73,2.904109589041096,208,True
xgboost_compact,xgboost,compact_volatility_timing_v1,2023H1,level_rearm,0.1739667542015597,past_only_policy_calibration,8988,279,95,2.9368421052631577,491,True
xgboost_compact,xgboost,compact_volatility_timing_v1,2023H2,level_rearm,0.17545014203350764,past_only_policy_calibration,11754,349,122,2.860655737704918,263,True
xgboost_compact,xgboost,compact_volatility_timing_v1,2024H1,level_rearm,0.14532864256042788,past_only_policy_calibration,16339,454,159,2.8553459119496853,909,True
xgboost_compact,xgboost,compact_volatility_timing_v1,2024H2,level_rearm,0.16746408195637774,past_only_policy_calibration,21398,606,198,3.0606060606060606,542,True
xgboost_compact,xgboost,compact_volatility_timing_v1,2025H1,level_rearm,0.17413995528809204,past_only_policy_calibration,25331,700,242,2.8925619834710745,415,True
