feature,position,included,known_at_decision_time,future_column,finite_rows,rows,finite_fraction
raw_log_return,0,True,True,False,3431,3431,1.0
raw_log_return_mean_3,1,True,True,False,3431,3431,1.0
raw_log_return_mean_12,2,True,True,False,3431,3431,1.0
raw_log_return_mean_24,3,True,True,False,3431,3431,1.0
raw_body_bps,4,True,True,False,3431,3431,1.0
lower_wick_fraction,5,True,True,False,3431,3431,1.0
upper_wick_fraction,6,True,True,False,3431,3431,1.0
raw_taker_imbalance,7,True,True,False,3431,3431,1.0
raw_taker_imbalance_mean_3,8,True,True,False,3431,3431,1.0
raw_taker_imbalance_mean_12,9,True,True,False,3431,3431,1.0
raw_taker_imbalance_delta,10,True,True,False,3431,3431,1.0
raw_channel_slope,11,True,True,False,3431,3431,1.0
channel_r2,12,True,True,False,3431,3431,1.0
channel_width_pct,13,True,True,False,3431,3431,1.0
raw_channel_position,14,True,True,False,3431,3431,1.0
raw_distance_mid_bps,15,True,True,False,3431,3431,1.0
raw_rsi_channel,16,True,True,False,3431,3431,1.0
raw_oi_chg_15m,17,True,True,False,3431,3431,1.0
raw_oi_chg_1h,18,True,True,False,3431,3431,1.0
raw_oi_chg_4h,19,True,True,False,3431,3431,1.0
raw_oi_accel_1h,20,True,True,False,3431,3431,1.0
raw_price_oi_interaction,21,True,True,False,3431,3431,1.0
raw_funding_z,22,True,True,False,3431,3431,1.0
positioning_stale,23,True,True,False,3431,3431,1.0
positioning_age_log,24,True,True,False,3431,3431,1.0
adaptive_barrier_bps,25,True,True,False,3431,3431,1.0
window_age_fraction,26,True,True,False,3431,3431,1.0
activation_margin,27,True,True,False,3431,3431,1.0
