date,attempted_trades,observed_trades,censored_trades,net_r,fixed_equity_return_pct,profit_ge_2pct,profit_ge_3pct,profit_ge_5pct
2022-01-01 00:00:00+00:00,5,5,0,2.00684970281559,2.00684970281559,True,False,False
2022-01-02 00:00:00+00:00,8,8,0,2.731014907789054,2.731014907789054,True,False,False
2022-01-03 00:00:00+00:00,7,7,0,-0.01972694128055341,-0.01972694128055341,False,False,False
2022-01-04 00:00:00+00:00,12,12,0,-1.5596760425432457,-1.5596760425432457,False,False,False
2022-01-05 00:00:00+00:00,8,8,0,1.8068222012239652,1.8068222012239652,False,False,False
2022-01-06 00:00:00+00:00,1,1,0,0.12529407774160312,0.12529407774160312,False,False,False
2022-01-07 00:00:00+00:00,9,9,0,2.0203642899553076,2.0203642899553076,True,False,False
2022-01-08 00:00:00+00:00,6,6,0,-2.053592176681926,-2.053592176681926,False,False,False
2022-01-09 00:00:00+00:00,12,12,0,-9.801573032451321,-9.801573032451321,False,False,False
2022-01-10 00:00:00+00:00,14,14,0,-6.532521997132935,-6.532521997132935,False,False,False
2022-01-11 00:00:00+00:00,3,3,0,-1.7140606479924807,-1.7140606479924807,False,False,False
2022-01-12 00:00:00+00:00,0,0,0,0.0,0.0,False,False,False
2022-01-13 00:00:00+00:00,15,15,0,-8.568267127386983,-8.568267127386983,False,False,False
2022-01-14 00:00:00+00:00,9,9,0,-3.0805543455205395,-3.0805543455205395,False,False,False
2022-01-15 00:00:00+00:00,6,6,0,-7.436273339815241,-7.436273339815241,False,False,False
2022-01-16 00:00:00+00:00,13,13,0,-4.335724336857434,-4.335724336857434,False,False,False
2022-01-17 00:00:00+00:00,2,2,0,-2.964290391735396,-2.964290391735396,False,False,False
2022-01-18 00:00:00+00:00,4,4,0,-2.204188100576107,-2.204188100576107,False,False,False
2022-01-19 00:00:00+00:00,16,16,0,-3.4834245500616206,-3.4834245500616206,False,False,False
2022-01-20 00:00:00+00:00,3,3,0,-3.4548890819008538,-3.4548890819008538,False,False,False
2022-01-21 00:00:00+00:00,3,3,0,-3.534645393982428,-3.534645393982428,False,False,False
2022-01-22 00:00:00+00:00,7,7,0,-0.69208422647884,-0.69208422647884,False,False,False
2022-01-23 00:00:00+00:00,6,6,0,-5.426038403789871,-5.426038403789871,False,False,False
2022-01-24 00:00:00+00:00,9,9,0,-4.698845221245204,-4.698845221245204,False,False,False
2022-01-25 00:00:00+00:00,0,0,0,0.0,0.0,False,False,False
2022-01-26 00:00:00+00:00,7,7,0,-9.081375310240242,-9.081375310240242,False,False,False
2022-01-27 00:00:00+00:00,6,6,0,-2.6918065400492135,-2.6918065400492135,False,False,False
2022-01-28 00:00:00+00:00,12,12,0,-0.19917292117760788,-0.19917292117760788,False,False,False
2022-01-29 00:00:00+00:00,8,8,0,3.4639384464706753,3.4639384464706753,True,True,False
2022-01-30 00:00:00+00:00,0,0,0,0.0,0.0,False,False,False
2022-01-31 00:00:00+00:00,12,12,0,-9.64482199572498,-9.64482199572498,False,False,False
2022-02-01 00:00:00+00:00,5,5,0,2.905756739016984,2.905756739016984,True,False,False
2022-02-02 00:00:00+00:00,10,10,0,-7.80208195814793,-7.80208195814793,False,False,False
2022-02-03 00:00:00+00:00,7,7,0,-5.92370700745536,-5.92370700745536,False,False,False
2022-02-04 00:00:00+00:00,9,9,0,-6.857535188684439,-6.857535188684439,False,False,False
2022-02-05 00:00:00+00:00,4,4,0,-1.0879497862675171,-1.0879497862675171,False,False,False
2022-02-06 00:00:00+00:00,16,16,0,-3.2133353795993242,-3.2133353795993242,False,False,False
2022-02-07 00:00:00+00:00,2,2,0,1.4177011063682268,1.4177011063682268,False,False,False
2022-02-08 00:00:00+00:00,15,15,0,-3.000389898261198,-3.000389898261198,False,False,False
2022-02-09 00:00:00+00:00,12,12,0,1.843142559593039,1.843142559593039,False,False,False
2022-02-10 00:00:00+00:00,8,8,0,-5.463306537872997,-5.463306537872997,False,False,False
2022-02-11 00:00:00+00:00,3,3,0,-2.158186951313493,-2.158186951313493,False,False,False
2022-02-12 00:00:00+00:00,7,7,0,-3.975047668005867,-3.975047668005867,False,False,False
2022-02-13 00:00:00+00:00,8,8,0,6.745717549869935,6.745717549869935,True,True,True
2022-02-14 00:00:00+00:00,12,12,0,2.52361634878389,2.52361634878389,True,False,False
2022-02-15 00:00:00+00:00,2,2,0,-1.9372454890335398,-1.9372454890335398,False,False,False
2022-02-16 00:00:00+00:00,18,18,0,-8.87058624758957,-8.87058624758957,False,False,False
2022-02-17 00:00:00+00:00,10,10,0,-3.6471443463198066,-3.6471443463198066,False,False,False
2022-02-18 00:00:00+00:00,5,5,0,1.6053071135601895,1.6053071135601895,False,False,False
2022-02-19 00:00:00+00:00,6,6,0,-3.8461014043624977,-3.8461014043624977,False,False,False
2022-02-20 00:00:00+00:00,1,1,0,-0.07249952221691017,-0.07249952221691017,False,False,False
2022-02-21 00:00:00+00:00,16,16,0,3.0167985863663973,3.0167985863663973,True,True,False
2022-02-22 00:00:00+00:00,7,7,0,-2.4623122815166996,-2.4623122815166996,False,False,False
2022-02-23 00:00:00+00:00,12,12,0,-10.250559261321351,-10.250559261321351,False,False,False
2022-02-24 00:00:00+00:00,9,9,0,-3.4410892567505504,-3.4410892567505504,False,False,False
2022-02-25 00:00:00+00:00,2,2,0,-2.30910696301615,-2.30910696301615,False,False,False
2022-02-26 00:00:00+00:00,9,9,0,-2.587333701542824,-2.587333701542824,False,False,False
2022-02-27 00:00:00+00:00,10,10,0,-1.142965581790255,-1.142965581790255,False,False,False
2022-02-28 00:00:00+00:00,6,6,0,-4.481413412859482,-4.481413412859482,False,False,False
2022-03-01 00:00:00+00:00,1,1,0,0.5618615276663005,0.5618615276663005,False,False,False
2022-03-02 00:00:00+00:00,12,12,0,-2.460099294513392,-2.460099294513392,False,False,False
2022-03-03 00:00:00+00:00,5,5,0,-4.191042630139499,-4.191042630139499,False,False,False
2022-03-04 00:00:00+00:00,0,0,0,0.0,0.0,False,False,False
2022-03-05 00:00:00+00:00,2,2,0,-2.5676159585255665,-2.5676159585255665,False,False,False
2022-03-06 00:00:00+00:00,18,18,0,6.44341253878464,6.44341253878464,True,True,True
2022-03-07 00:00:00+00:00,8,8,0,-0.4047686137305624,-0.4047686137305624,False,False,False
2022-03-08 00:00:00+00:00,15,15,0,-12.052954085666444,-12.052954085666444,False,False,False
2022-03-09 00:00:00+00:00,1,1,0,-1.107475208036723,-1.107475208036723,False,False,False
2022-03-10 00:00:00+00:00,11,11,0,-5.9828034216992645,-5.9828034216992645,False,False,False
2022-03-11 00:00:00+00:00,8,8,0,1.1431075087950815,1.1431075087950815,False,False,False
2022-03-12 00:00:00+00:00,5,5,0,-2.6960511388164035,-2.6960511388164035,False,False,False
2022-03-13 00:00:00+00:00,7,7,0,-2.383288207918742,-2.383288207918742,False,False,False
2022-03-14 00:00:00+00:00,11,11,0,-1.7157090042817713,-1.7157090042817713,False,False,False
2022-03-15 00:00:00+00:00,6,6,0,-0.13034482142636783,-0.13034482142636783,False,False,False
2022-03-16 00:00:00+00:00,3,3,0,-0.6403307079126712,-0.6403307079126712,False,False,False
2022-03-17 00:00:00+00:00,4,4,0,-1.3084707114434737,-1.3084707114434737,False,False,False
2022-03-18 00:00:00+00:00,12,12,0,-3.449255243104135,-3.449255243104135,False,False,False
2022-03-19 00:00:00+00:00,2,2,0,-1.7120731834704737,-1.7120731834704737,False,False,False
2022-03-20 00:00:00+00:00,20,20,0,-13.558588904802575,-13.558588904802575,False,False,False
2022-03-21 00:00:00+00:00,3,3,0,-1.609341774095574,-1.609341774095574,False,False,False
2022-03-22 00:00:00+00:00,6,6,0,0.16906479676936437,0.16906479676936437,False,False,False
2022-03-23 00:00:00+00:00,16,16,0,3.4383742362071565,3.4383742362071565,True,True,False
2022-03-24 00:00:00+00:00,2,2,0,-1.35740287551259,-1.35740287551259,False,False,False
2022-03-25 00:00:00+00:00,11,11,0,-4.117596123031989,-4.117596123031989,False,False,False
2022-03-26 00:00:00+00:00,4,4,0,-1.9970447374335647,-1.9970447374335647,False,False,False
2022-03-27 00:00:00+00:00,2,2,0,-1.0478602240656467,-1.0478602240656467,False,False,False
2022-03-28 00:00:00+00:00,3,3,0,-3.509264000003851,-3.509264000003851,False,False,False
2022-03-29 00:00:00+00:00,14,14,0,-7.745932171868486,-7.745932171868486,False,False,False
2022-03-30 00:00:00+00:00,15,15,0,-1.720201494576179,-1.720201494576179,False,False,False
2022-03-31 00:00:00+00:00,2,2,0,3.0179542387288354,3.0179542387288354,True,True,False
2022-04-01 00:00:00+00:00,8,8,0,-2.1312525969480536,-2.1312525969480536,False,False,False
2022-04-02 00:00:00+00:00,11,11,0,-3.5616885628311232,-3.5616885628311232,False,False,False
2022-04-03 00:00:00+00:00,10,10,0,-4.107638222939086,-4.107638222939086,False,False,False
2022-04-04 00:00:00+00:00,6,6,0,-6.974460394385641,-6.974460394385641,False,False,False
2022-04-05 00:00:00+00:00,8,8,0,-4.507285701381125,-4.507285701381125,False,False,False
2022-04-06 00:00:00+00:00,0,0,0,0.0,0.0,False,False,False
2022-04-07 00:00:00+00:00,4,4,0,-5.706102256734596,-5.706102256734596,False,False,False
2022-04-08 00:00:00+00:00,10,10,0,4.0958524616296295,4.0958524616296295,True,True,False
2022-04-09 00:00:00+00:00,0,0,0,0.0,0.0,False,False,False
2022-04-10 00:00:00+00:00,14,14,0,-4.133046487097079,-4.133046487097079,False,False,False
2022-04-11 00:00:00+00:00,0,0,0,0.0,0.0,False,False,False
2022-04-12 00:00:00+00:00,9,9,0,1.0555078207294424,1.0555078207294424,False,False,False
2022-04-13 00:00:00+00:00,14,14,0,-7.04565630157877,-7.04565630157877,False,False,False
2022-04-14 00:00:00+00:00,9,9,0,-8.020482767627371,-8.020482767627371,False,False,False
2022-04-15 00:00:00+00:00,8,8,0,-2.273280817225104,-2.273280817225104,False,False,False
2022-04-16 00:00:00+00:00,2,2,0,1.7185514459830218,1.7185514459830218,False,False,False
2022-04-17 00:00:00+00:00,5,5,0,5.328739276496761,5.328739276496761,True,True,True
2022-04-18 00:00:00+00:00,6,6,0,-3.374898607445733,-3.374898607445733,False,False,False
2022-04-19 00:00:00+00:00,2,2,0,-1.0180511769345906,-1.0180511769345906,False,False,False
2022-04-20 00:00:00+00:00,14,14,0,-6.805271419867111,-6.805271419867111,False,False,False
2022-04-21 00:00:00+00:00,11,11,0,-3.5238806643526535,-3.5238806643526535,False,False,False
2022-04-22 00:00:00+00:00,2,2,0,1.9998286208240987,1.9998286208240987,False,False,False
2022-04-23 00:00:00+00:00,3,3,0,0.05982021063930734,0.05982021063930734,False,False,False
2022-04-24 00:00:00+00:00,8,8,0,7.808754841074393,7.808754841074393,True,True,True
2022-04-25 00:00:00+00:00,6,6,0,-5.955204279116752,-5.955204279116752,False,False,False
2022-04-26 00:00:00+00:00,9,9,0,-7.784637677765587,-7.784637677765587,False,False,False
2022-04-27 00:00:00+00:00,3,3,0,-1.8170570951410852,-1.8170570951410852,False,False,False
2022-04-28 00:00:00+00:00,8,8,0,-4.507319724724436,-4.507319724724436,False,False,False
2022-04-29 00:00:00+00:00,9,9,0,-3.5971657909132295,-3.5971657909132295,False,False,False
2022-04-30 00:00:00+00:00,5,5,0,0.7391638653515449,0.7391638653515449,False,False,False
2022-05-01 00:00:00+00:00,9,9,0,-4.337601190049732,-4.337601190049732,False,False,False
2022-05-02 00:00:00+00:00,10,10,0,-2.4267831614935433,-2.4267831614935433,False,False,False
2022-05-03 00:00:00+00:00,9,9,0,-9.885913218731423,-9.885913218731423,False,False,False
2022-05-04 00:00:00+00:00,8,8,0,-3.136786797467413,-3.136786797467413,False,False,False
2022-05-05 00:00:00+00:00,6,6,0,-1.6907694005478582,-1.6907694005478582,False,False,False
2022-05-06 00:00:00+00:00,2,2,0,-0.2718477331974482,-0.2718477331974482,False,False,False
2022-05-07 00:00:00+00:00,4,4,0,-3.8949946005832854,-3.8949946005832854,False,False,False
2022-05-08 00:00:00+00:00,3,3,0,0.7679997492304695,0.7679997492304695,False,False,False
2022-05-09 00:00:00+00:00,0,0,0,0.0,0.0,False,False,False
2022-05-10 00:00:00+00:00,7,7,0,-5.003837597787255,-5.003837597787255,False,False,False
2022-05-11 00:00:00+00:00,9,9,0,-2.3039880584656136,-2.3039880584656136,False,False,False
2022-05-12 00:00:00+00:00,0,0,0,0.0,0.0,False,False,False
2022-05-13 00:00:00+00:00,1,1,0,-0.7194681731757693,-0.7194681731757693,False,False,False
2022-05-14 00:00:00+00:00,3,3,0,-0.9709645559911695,-0.9709645559911695,False,False,False
2022-05-15 00:00:00+00:00,0,0,0,0.0,0.0,False,False,False
2022-05-16 00:00:00+00:00,4,4,0,-2.437611177986996,-2.437611177986996,False,False,False
2022-05-17 00:00:00+00:00,0,0,0,0.0,0.0,False,False,False
2022-05-18 00:00:00+00:00,0,0,0,0.0,0.0,False,False,False
2022-05-19 00:00:00+00:00,0,0,0,0.0,0.0,False,False,False
2022-05-20 00:00:00+00:00,0,0,0,0.0,0.0,False,False,False
2022-05-21 00:00:00+00:00,0,0,0,0.0,0.0,False,False,False
2022-05-22 00:00:00+00:00,0,0,0,0.0,0.0,False,False,False
2022-05-23 00:00:00+00:00,0,0,0,0.0,0.0,False,False,False
2022-05-24 00:00:00+00:00,0,0,0,0.0,0.0,False,False,False
2022-05-25 00:00:00+00:00,0,0,0,0.0,0.0,False,False,False
2022-05-26 00:00:00+00:00,2,2,0,0.6053946805804913,0.6053946805804913,False,False,False
2022-05-27 00:00:00+00:00,1,1,0,-0.20253656033293688,-0.20253656033293688,False,False,False
2022-05-28 00:00:00+00:00,1,1,0,-0.5929236499068984,-0.5929236499068984,False,False,False
2022-05-29 00:00:00+00:00,0,0,0,0.0,0.0,False,False,False
2022-05-30 00:00:00+00:00,0,0,0,0.0,0.0,False,False,False
2022-05-31 00:00:00+00:00,1,1,0,-0.1410146436908265,-0.1410146436908265,False,False,False
2022-06-01 00:00:00+00:00,0,0,0,0.0,0.0,False,False,False
2022-06-02 00:00:00+00:00,0,0,0,0.0,0.0,False,False,False
2022-06-03 00:00:00+00:00,0,0,0,0.0,0.0,False,False,False
2022-06-04 00:00:00+00:00,0,0,0,0.0,0.0,False,False,False
2022-06-05 00:00:00+00:00,0,0,0,0.0,0.0,False,False,False
2022-06-06 00:00:00+00:00,0,0,0,0.0,0.0,False,False,False
2022-06-07 00:00:00+00:00,1,1,0,-1.0262603538008281,-1.0262603538008281,False,False,False
2022-06-08 00:00:00+00:00,0,0,0,0.0,0.0,False,False,False
2022-06-09 00:00:00+00:00,0,0,0,0.0,0.0,False,False,False
2022-06-10 00:00:00+00:00,0,0,0,0.0,0.0,False,False,False
2022-06-11 00:00:00+00:00,0,0,0,0.0,0.0,False,False,False
2022-06-12 00:00:00+00:00,1,1,0,0.043572498755696305,0.043572498755696305,False,False,False
2022-06-13 00:00:00+00:00,0,0,0,0.0,0.0,False,False,False
2022-06-14 00:00:00+00:00,0,0,0,0.0,0.0,False,False,False
2022-06-15 00:00:00+00:00,2,2,0,-1.0269435779109384,-1.0269435779109384,False,False,False
2022-06-16 00:00:00+00:00,0,0,0,0.0,0.0,False,False,False
2022-06-17 00:00:00+00:00,0,0,0,0.0,0.0,False,False,False
2022-06-18 00:00:00+00:00,0,0,0,0.0,0.0,False,False,False
2022-06-19 00:00:00+00:00,0,0,0,0.0,0.0,False,False,False
2022-06-20 00:00:00+00:00,0,0,0,0.0,0.0,False,False,False
2022-06-21 00:00:00+00:00,2,2,0,0.3455962515513994,0.3455962515513994,False,False,False
2022-06-22 00:00:00+00:00,3,3,0,-1.1548449555536362,-1.1548449555536362,False,False,False
2022-06-23 00:00:00+00:00,0,0,0,0.0,0.0,False,False,False
2022-06-24 00:00:00+00:00,0,0,0,0.0,0.0,False,False,False
2022-06-25 00:00:00+00:00,0,0,0,0.0,0.0,False,False,False
2022-06-26 00:00:00+00:00,0,0,0,0.0,0.0,False,False,False
2022-06-27 00:00:00+00:00,0,0,0,0.0,0.0,False,False,False
2022-06-28 00:00:00+00:00,0,0,0,0.0,0.0,False,False,False
2022-06-29 00:00:00+00:00,0,0,0,0.0,0.0,False,False,False
2022-06-30 00:00:00+00:00,0,0,0,0.0,0.0,False,False,False
2022-07-01 00:00:00+00:00,0,0,0,0.0,0.0,False,False,False
2022-07-02 00:00:00+00:00,0,0,0,0.0,0.0,False,False,False
2022-07-03 00:00:00+00:00,2,2,0,0.4050758054709673,0.4050758054709673,False,False,False
2022-07-04 00:00:00+00:00,1,1,0,0.26943740329136584,0.26943740329136584,False,False,False
2022-07-05 00:00:00+00:00,1,1,0,1.9267153884141082,1.9267153884141082,False,False,False
2022-07-06 00:00:00+00:00,0,0,0,0.0,0.0,False,False,False
2022-07-07 00:00:00+00:00,0,0,0,0.0,0.0,False,False,False
2022-07-08 00:00:00+00:00,0,0,0,0.0,0.0,False,False,False
2022-07-09 00:00:00+00:00,0,0,0,0.0,0.0,False,False,False
2022-07-10 00:00:00+00:00,0,0,0,0.0,0.0,False,False,False
2022-07-11 00:00:00+00:00,1,1,0,0.4983942491894687,0.4983942491894687,False,False,False
2022-07-12 00:00:00+00:00,0,0,0,0.0,0.0,False,False,False
2022-07-13 00:00:00+00:00,0,0,0,0.0,0.0,False,False,False
2022-07-14 00:00:00+00:00,1,1,0,-0.2761334825457714,-0.2761334825457714,False,False,False
2022-07-15 00:00:00+00:00,0,0,0,0.0,0.0,False,False,False
2022-07-16 00:00:00+00:00,0,0,0,0.0,0.0,False,False,False
2022-07-17 00:00:00+00:00,0,0,0,0.0,0.0,False,False,False
2022-07-18 00:00:00+00:00,0,0,0,0.0,0.0,False,False,False
2022-07-19 00:00:00+00:00,0,0,0,0.0,0.0,False,False,False
2022-07-20 00:00:00+00:00,0,0,0,0.0,0.0,False,False,False
2022-07-21 00:00:00+00:00,0,0,0,0.0,0.0,False,False,False
2022-07-22 00:00:00+00:00,0,0,0,0.0,0.0,False,False,False
2022-07-23 00:00:00+00:00,0,0,0,0.0,0.0,False,False,False
2022-07-24 00:00:00+00:00,0,0,0,0.0,0.0,False,False,False
2022-07-25 00:00:00+00:00,1,1,0,1.0881131888620987,1.0881131888620987,False,False,False
2022-07-26 00:00:00+00:00,0,0,0,0.0,0.0,False,False,False
2022-07-27 00:00:00+00:00,0,0,0,0.0,0.0,False,False,False
2022-07-28 00:00:00+00:00,0,0,0,0.0,0.0,False,False,False
2022-07-29 00:00:00+00:00,1,1,0,-1.0505758045766969,-1.0505758045766969,False,False,False
2022-07-30 00:00:00+00:00,0,0,0,0.0,0.0,False,False,False
2022-07-31 00:00:00+00:00,0,0,0,0.0,0.0,False,False,False
2022-08-01 00:00:00+00:00,0,0,0,0.0,0.0,False,False,False
2022-08-02 00:00:00+00:00,0,0,0,0.0,0.0,False,False,False
2022-08-03 00:00:00+00:00,0,0,0,0.0,0.0,False,False,False
2022-08-04 00:00:00+00:00,1,1,0,-1.0898998013941363,-1.0898998013941363,False,False,False
2022-08-05 00:00:00+00:00,1,1,0,-0.3599640469887696,-0.3599640469887696,False,False,False
2022-08-06 00:00:00+00:00,0,0,0,0.0,0.0,False,False,False
2022-08-07 00:00:00+00:00,0,0,0,0.0,0.0,False,False,False
2022-08-08 00:00:00+00:00,0,0,0,0.0,0.0,False,False,False
2022-08-09 00:00:00+00:00,0,0,0,0.0,0.0,False,False,False
2022-08-10 00:00:00+00:00,1,1,0,-0.672923844566582,-0.672923844566582,False,False,False
2022-08-11 00:00:00+00:00,0,0,0,0.0,0.0,False,False,False
2022-08-12 00:00:00+00:00,0,0,0,0.0,0.0,False,False,False
2022-08-13 00:00:00+00:00,0,0,0,0.0,0.0,False,False,False
2022-08-14 00:00:00+00:00,0,0,0,0.0,0.0,False,False,False
2022-08-15 00:00:00+00:00,2,2,0,2.4952289965536187,2.4952289965536187,True,False,False
2022-08-16 00:00:00+00:00,0,0,0,0.0,0.0,False,False,False
2022-08-17 00:00:00+00:00,1,1,0,0.003988086319404477,0.003988086319404477,False,False,False
2022-08-18 00:00:00+00:00,0,0,0,0.0,0.0,False,False,False
2022-08-19 00:00:00+00:00,1,1,0,0.46461461869948917,0.46461461869948917,False,False,False
2022-08-20 00:00:00+00:00,0,0,0,0.0,0.0,False,False,False
2022-08-21 00:00:00+00:00,0,0,0,0.0,0.0,False,False,False
2022-08-22 00:00:00+00:00,0,0,0,0.0,0.0,False,False,False
2022-08-23 00:00:00+00:00,0,0,0,0.0,0.0,False,False,False
2022-08-24 00:00:00+00:00,0,0,0,0.0,0.0,False,False,False
2022-08-25 00:00:00+00:00,0,0,0,0.0,0.0,False,False,False
2022-08-26 00:00:00+00:00,1,1,0,-0.7015507052486974,-0.7015507052486974,False,False,False
2022-08-27 00:00:00+00:00,0,0,0,0.0,0.0,False,False,False
2022-08-28 00:00:00+00:00,0,0,0,0.0,0.0,False,False,False
2022-08-29 00:00:00+00:00,0,0,0,0.0,0.0,False,False,False
2022-08-30 00:00:00+00:00,1,1,0,-0.28430081508847616,-0.28430081508847616,False,False,False
2022-08-31 00:00:00+00:00,2,2,0,0.001963187520214224,0.001963187520214224,False,False,False
2022-09-01 00:00:00+00:00,0,0,0,0.0,0.0,False,False,False
2022-09-02 00:00:00+00:00,0,0,0,0.0,0.0,False,False,False
2022-09-03 00:00:00+00:00,0,0,0,0.0,0.0,False,False,False
2022-09-04 00:00:00+00:00,0,0,0,0.0,0.0,False,False,False
2022-09-05 00:00:00+00:00,1,1,0,-0.25805192080241035,-0.25805192080241035,False,False,False
2022-09-06 00:00:00+00:00,1,1,0,-1.0521843053597149,-1.0521843053597149,False,False,False
2022-09-07 00:00:00+00:00,0,0,0,0.0,0.0,False,False,False
2022-09-08 00:00:00+00:00,2,2,0,-0.6790425851900628,-0.6790425851900628,False,False,False
2022-09-09 00:00:00+00:00,0,0,0,0.0,0.0,False,False,False
2022-09-10 00:00:00+00:00,0,0,0,0.0,0.0,False,False,False
2022-09-11 00:00:00+00:00,0,0,0,0.0,0.0,False,False,False
2022-09-12 00:00:00+00:00,0,0,0,0.0,0.0,False,False,False
2022-09-13 00:00:00+00:00,0,0,0,0.0,0.0,False,False,False
2022-09-14 00:00:00+00:00,0,0,0,0.0,0.0,False,False,False
2022-09-15 00:00:00+00:00,0,0,0,0.0,0.0,False,False,False
2022-09-16 00:00:00+00:00,0,0,0,0.0,0.0,False,False,False
2022-09-17 00:00:00+00:00,0,0,0,0.0,0.0,False,False,False
2022-09-18 00:00:00+00:00,0,0,0,0.0,0.0,False,False,False
2022-09-19 00:00:00+00:00,0,0,0,0.0,0.0,False,False,False
2022-09-20 00:00:00+00:00,3,3,0,-1.481745554478162,-1.481745554478162,False,False,False
2022-09-21 00:00:00+00:00,0,0,0,0.0,0.0,False,False,False
2022-09-22 00:00:00+00:00,0,0,0,0.0,0.0,False,False,False
2022-09-23 00:00:00+00:00,0,0,0,0.0,0.0,False,False,False
2022-09-24 00:00:00+00:00,0,0,0,0.0,0.0,False,False,False
2022-09-25 00:00:00+00:00,1,1,0,-0.46413850550457786,-0.46413850550457786,False,False,False
2022-09-26 00:00:00+00:00,0,0,0,0.0,0.0,False,False,False
2022-09-27 00:00:00+00:00,0,0,0,0.0,0.0,False,False,False
2022-09-28 00:00:00+00:00,1,1,0,-0.013275611293995244,-0.013275611293995244,False,False,False
2022-09-29 00:00:00+00:00,0,0,0,0.0,0.0,False,False,False
2022-09-30 00:00:00+00:00,2,2,0,-0.2960438642886263,-0.2960438642886263,False,False,False
2022-10-01 00:00:00+00:00,0,0,0,0.0,0.0,False,False,False
2022-10-02 00:00:00+00:00,0,0,0,0.0,0.0,False,False,False
2022-10-03 00:00:00+00:00,0,0,0,0.0,0.0,False,False,False
2022-10-04 00:00:00+00:00,0,0,0,0.0,0.0,False,False,False
2022-10-05 00:00:00+00:00,0,0,0,0.0,0.0,False,False,False
2022-10-06 00:00:00+00:00,0,0,0,0.0,0.0,False,False,False
2022-10-07 00:00:00+00:00,0,0,0,0.0,0.0,False,False,False
2022-10-08 00:00:00+00:00,0,0,0,0.0,0.0,False,False,False
2022-10-09 00:00:00+00:00,0,0,0,0.0,0.0,False,False,False
2022-10-10 00:00:00+00:00,0,0,0,0.0,0.0,False,False,False
2022-10-11 00:00:00+00:00,0,0,0,0.0,0.0,False,False,False
2022-10-12 00:00:00+00:00,0,0,0,0.0,0.0,False,False,False
2022-10-13 00:00:00+00:00,0,0,0,0.0,0.0,False,False,False
2022-10-14 00:00:00+00:00,0,0,0,0.0,0.0,False,False,False
2022-10-15 00:00:00+00:00,0,0,0,0.0,0.0,False,False,False
2022-10-16 00:00:00+00:00,1,1,0,-0.20312376693237155,-0.20312376693237155,False,False,False
2022-10-17 00:00:00+00:00,0,0,0,0.0,0.0,False,False,False
2022-10-18 00:00:00+00:00,1,1,0,-0.20038695951354274,-0.20038695951354274,False,False,False
2022-10-19 00:00:00+00:00,0,0,0,0.0,0.0,False,False,False
2022-10-20 00:00:00+00:00,0,0,0,0.0,0.0,False,False,False
2022-10-21 00:00:00+00:00,0,0,0,0.0,0.0,False,False,False
2022-10-22 00:00:00+00:00,0,0,0,0.0,0.0,False,False,False
2022-10-23 00:00:00+00:00,0,0,0,0.0,0.0,False,False,False
2022-10-24 00:00:00+00:00,0,0,0,0.0,0.0,False,False,False
2022-10-25 00:00:00+00:00,0,0,0,0.0,0.0,False,False,False
2022-10-26 00:00:00+00:00,0,0,0,0.0,0.0,False,False,False
2022-10-27 00:00:00+00:00,0,0,0,0.0,0.0,False,False,False
2022-10-28 00:00:00+00:00,0,0,0,0.0,0.0,False,False,False
2022-10-29 00:00:00+00:00,0,0,0,0.0,0.0,False,False,False
2022-10-30 00:00:00+00:00,0,0,0,0.0,0.0,False,False,False
2022-10-31 00:00:00+00:00,1,1,0,-0.3874952841608304,-0.3874952841608304,False,False,False
2022-11-01 00:00:00+00:00,0,0,0,0.0,0.0,False,False,False
2022-11-02 00:00:00+00:00,0,0,0,0.0,0.0,False,False,False
2022-11-03 00:00:00+00:00,0,0,0,0.0,0.0,False,False,False
2022-11-04 00:00:00+00:00,1,1,0,-1.1013052558842393,-1.1013052558842393,False,False,False
2022-11-05 00:00:00+00:00,0,0,0,0.0,0.0,False,False,False
2022-11-06 00:00:00+00:00,0,0,0,0.0,0.0,False,False,False
2022-11-07 00:00:00+00:00,1,1,0,-0.40534088626663756,-0.40534088626663756,False,False,False
2022-11-08 00:00:00+00:00,0,0,0,0.0,0.0,False,False,False
2022-11-09 00:00:00+00:00,0,0,0,0.0,0.0,False,False,False
2022-11-10 00:00:00+00:00,1,1,0,-0.12472155328260649,-0.12472155328260649,False,False,False
2022-11-11 00:00:00+00:00,0,0,0,0.0,0.0,False,False,False
2022-11-12 00:00:00+00:00,0,0,0,0.0,0.0,False,False,False
2022-11-13 00:00:00+00:00,0,0,0,0.0,0.0,False,False,False
2022-11-14 00:00:00+00:00,1,1,0,0.4367581600058253,0.4367581600058253,False,False,False
2022-11-15 00:00:00+00:00,0,0,0,0.0,0.0,False,False,False
2022-11-16 00:00:00+00:00,0,0,0,0.0,0.0,False,False,False
2022-11-17 00:00:00+00:00,0,0,0,0.0,0.0,False,False,False
2022-11-18 00:00:00+00:00,0,0,0,0.0,0.0,False,False,False
2022-11-19 00:00:00+00:00,0,0,0,0.0,0.0,False,False,False
2022-11-20 00:00:00+00:00,0,0,0,0.0,0.0,False,False,False
2022-11-21 00:00:00+00:00,0,0,0,0.0,0.0,False,False,False
2022-11-22 00:00:00+00:00,0,0,0,0.0,0.0,False,False,False
2022-11-23 00:00:00+00:00,0,0,0,0.0,0.0,False,False,False
2022-11-24 00:00:00+00:00,0,0,0,0.0,0.0,False,False,False
2022-11-25 00:00:00+00:00,0,0,0,0.0,0.0,False,False,False
2022-11-26 00:00:00+00:00,0,0,0,0.0,0.0,False,False,False
2022-11-27 00:00:00+00:00,0,0,0,0.0,0.0,False,False,False
2022-11-28 00:00:00+00:00,0,0,0,0.0,0.0,False,False,False
2022-11-29 00:00:00+00:00,0,0,0,0.0,0.0,False,False,False
2022-11-30 00:00:00+00:00,0,0,0,0.0,0.0,False,False,False
2022-12-01 00:00:00+00:00,0,0,0,0.0,0.0,False,False,False
2022-12-02 00:00:00+00:00,0,0,0,0.0,0.0,False,False,False
2022-12-03 00:00:00+00:00,0,0,0,0.0,0.0,False,False,False
2022-12-04 00:00:00+00:00,0,0,0,0.0,0.0,False,False,False
2022-12-05 00:00:00+00:00,0,0,0,0.0,0.0,False,False,False
2022-12-06 00:00:00+00:00,0,0,0,0.0,0.0,False,False,False
2022-12-07 00:00:00+00:00,0,0,0,0.0,0.0,False,False,False
2022-12-08 00:00:00+00:00,0,0,0,0.0,0.0,False,False,False
2022-12-09 00:00:00+00:00,0,0,0,0.0,0.0,False,False,False
2022-12-10 00:00:00+00:00,0,0,0,0.0,0.0,False,False,False
2022-12-11 00:00:00+00:00,1,1,0,-0.2403247147534575,-0.2403247147534575,False,False,False
2022-12-12 00:00:00+00:00,0,0,0,0.0,0.0,False,False,False
2022-12-13 00:00:00+00:00,0,0,0,0.0,0.0,False,False,False
2022-12-14 00:00:00+00:00,0,0,0,0.0,0.0,False,False,False
2022-12-15 00:00:00+00:00,1,1,0,-0.0834624535894815,-0.0834624535894815,False,False,False
2022-12-16 00:00:00+00:00,0,0,0,0.0,0.0,False,False,False
2022-12-17 00:00:00+00:00,0,0,0,0.0,0.0,False,False,False
2022-12-18 00:00:00+00:00,0,0,0,0.0,0.0,False,False,False
2022-12-19 00:00:00+00:00,0,0,0,0.0,0.0,False,False,False
2022-12-20 00:00:00+00:00,0,0,0,0.0,0.0,False,False,False
2022-12-21 00:00:00+00:00,0,0,0,0.0,0.0,False,False,False
2022-12-22 00:00:00+00:00,0,0,0,0.0,0.0,False,False,False
2022-12-23 00:00:00+00:00,0,0,0,0.0,0.0,False,False,False
2022-12-24 00:00:00+00:00,0,0,0,0.0,0.0,False,False,False
2022-12-25 00:00:00+00:00,0,0,0,0.0,0.0,False,False,False
2022-12-26 00:00:00+00:00,0,0,0,0.0,0.0,False,False,False
2022-12-27 00:00:00+00:00,0,0,0,0.0,0.0,False,False,False
2022-12-28 00:00:00+00:00,0,0,0,0.0,0.0,False,False,False
2022-12-29 00:00:00+00:00,0,0,0,0.0,0.0,False,False,False
2022-12-30 00:00:00+00:00,0,0,0,0.0,0.0,False,False,False
2022-12-31 00:00:00+00:00,0,0,0,0.0,0.0,False,False,False
2023-01-01 00:00:00+00:00,0,0,0,0.0,0.0,False,False,False
2023-01-02 00:00:00+00:00,0,0,0,0.0,0.0,False,False,False
2023-01-03 00:00:00+00:00,0,0,0,0.0,0.0,False,False,False
2023-01-04 00:00:00+00:00,0,0,0,0.0,0.0,False,False,False
2023-01-05 00:00:00+00:00,0,0,0,0.0,0.0,False,False,False
2023-01-06 00:00:00+00:00,0,0,0,0.0,0.0,False,False,False
2023-01-07 00:00:00+00:00,0,0,0,0.0,0.0,False,False,False
2023-01-08 00:00:00+00:00,0,0,0,0.0,0.0,False,False,False
2023-01-09 00:00:00+00:00,0,0,0,0.0,0.0,False,False,False
2023-01-10 00:00:00+00:00,0,0,0,0.0,0.0,False,False,False
2023-01-11 00:00:00+00:00,0,0,0,0.0,0.0,False,False,False
2023-01-12 00:00:00+00:00,0,0,0,0.0,0.0,False,False,False
2023-01-13 00:00:00+00:00,0,0,0,0.0,0.0,False,False,False
2023-01-14 00:00:00+00:00,0,0,0,0.0,0.0,False,False,False
2023-01-15 00:00:00+00:00,1,1,0,-0.3938398275668687,-0.3938398275668687,False,False,False
2023-01-16 00:00:00+00:00,1,1,0,0.17904191505816738,0.17904191505816738,False,False,False
2023-01-17 00:00:00+00:00,0,0,0,0.0,0.0,False,False,False
2023-01-18 00:00:00+00:00,1,1,0,0.022960908181268322,0.022960908181268322,False,False,False
2023-01-19 00:00:00+00:00,1,1,0,-0.8696697118538111,-0.8696697118538111,False,False,False
2023-01-20 00:00:00+00:00,0,0,0,0.0,0.0,False,False,False
2023-01-21 00:00:00+00:00,0,0,0,0.0,0.0,False,False,False
2023-01-22 00:00:00+00:00,1,1,0,0.3574270449329894,0.3574270449329894,False,False,False
2023-01-23 00:00:00+00:00,2,2,0,-2.2918651151838265,-2.2918651151838265,False,False,False
2023-01-24 00:00:00+00:00,0,0,0,0.0,0.0,False,False,False
2023-01-25 00:00:00+00:00,3,3,0,0.7125654713580282,0.7125654713580282,False,False,False
2023-01-26 00:00:00+00:00,0,0,0,0.0,0.0,False,False,False
2023-01-27 00:00:00+00:00,1,1,0,0.5961859132077636,0.5961859132077636,False,False,False
2023-01-28 00:00:00+00:00,0,0,0,0.0,0.0,False,False,False
2023-01-29 00:00:00+00:00,0,0,0,0.0,0.0,False,False,False
2023-01-30 00:00:00+00:00,0,0,0,0.0,0.0,False,False,False
2023-01-31 00:00:00+00:00,2,2,0,-1.21056660601654,-1.21056660601654,False,False,False
2023-02-01 00:00:00+00:00,0,0,0,0.0,0.0,False,False,False
2023-02-02 00:00:00+00:00,0,0,0,0.0,0.0,False,False,False
2023-02-03 00:00:00+00:00,2,2,0,-0.19059805313900013,-0.19059805313900013,False,False,False
2023-02-04 00:00:00+00:00,0,0,0,0.0,0.0,False,False,False
2023-02-05 00:00:00+00:00,1,1,0,-0.3432740378207544,-0.3432740378207544,False,False,False
2023-02-06 00:00:00+00:00,0,0,0,0.0,0.0,False,False,False
2023-02-07 00:00:00+00:00,1,1,0,-0.6636009188381938,-0.6636009188381938,False,False,False
2023-02-08 00:00:00+00:00,0,0,0,0.0,0.0,False,False,False
2023-02-09 00:00:00+00:00,0,0,0,0.0,0.0,False,False,False
2023-02-10 00:00:00+00:00,0,0,0,0.0,0.0,False,False,False
2023-02-11 00:00:00+00:00,0,0,0,0.0,0.0,False,False,False
2023-02-12 00:00:00+00:00,0,0,0,0.0,0.0,False,False,False
2023-02-13 00:00:00+00:00,0,0,0,0.0,0.0,False,False,False
2023-02-14 00:00:00+00:00,2,2,0,-1.3667374258318858,-1.3667374258318858,False,False,False
2023-02-15 00:00:00+00:00,0,0,0,0.0,0.0,False,False,False
2023-02-16 00:00:00+00:00,0,0,0,0.0,0.0,False,False,False
2023-02-17 00:00:00+00:00,1,1,0,-0.11118567949220229,-0.11118567949220229,False,False,False
2023-02-18 00:00:00+00:00,0,0,0,0.0,0.0,False,False,False
2023-02-19 00:00:00+00:00,0,0,0,0.0,0.0,False,False,False
2023-02-20 00:00:00+00:00,2,2,0,-0.7271356685695848,-0.7271356685695848,False,False,False
2023-02-21 00:00:00+00:00,1,1,0,-0.23442356582903395,-0.23442356582903395,False,False,False
2023-02-22 00:00:00+00:00,0,0,0,0.0,0.0,False,False,False
2023-02-23 00:00:00+00:00,2,2,0,-0.07047549332695757,-0.07047549332695757,False,False,False
2023-02-24 00:00:00+00:00,0,0,0,0.0,0.0,False,False,False
2023-02-25 00:00:00+00:00,0,0,0,0.0,0.0,False,False,False
2023-02-26 00:00:00+00:00,1,1,0,-1.080124563333293,-1.080124563333293,False,False,False
2023-02-27 00:00:00+00:00,0,0,0,0.0,0.0,False,False,False
2023-02-28 00:00:00+00:00,0,0,0,0.0,0.0,False,False,False
2023-03-01 00:00:00+00:00,1,1,0,0.1538968903436872,0.1538968903436872,False,False,False
2023-03-02 00:00:00+00:00,0,0,0,0.0,0.0,False,False,False
2023-03-03 00:00:00+00:00,0,0,0,0.0,0.0,False,False,False
2023-03-04 00:00:00+00:00,1,1,0,-1.2645757828772124,-1.2645757828772124,False,False,False
2023-03-05 00:00:00+00:00,1,1,0,-0.4292840341193527,-0.4292840341193527,False,False,False
2023-03-06 00:00:00+00:00,0,0,0,0.0,0.0,False,False,False
2023-03-07 00:00:00+00:00,0,0,0,0.0,0.0,False,False,False
2023-03-08 00:00:00+00:00,1,1,0,0.700568156449533,0.700568156449533,False,False,False
2023-03-09 00:00:00+00:00,0,0,0,0.0,0.0,False,False,False
2023-03-10 00:00:00+00:00,0,0,0,0.0,0.0,False,False,False
2023-03-11 00:00:00+00:00,1,1,0,-0.3390002255526485,-0.3390002255526485,False,False,False
2023-03-12 00:00:00+00:00,0,0,0,0.0,0.0,False,False,False
2023-03-13 00:00:00+00:00,0,0,0,0.0,0.0,False,False,False
2023-03-14 00:00:00+00:00,0,0,0,0.0,0.0,False,False,False
2023-03-15 00:00:00+00:00,1,1,0,-0.11879884383365492,-0.11879884383365492,False,False,False
2023-03-16 00:00:00+00:00,3,3,0,-0.5850943214120462,-0.5850943214120462,False,False,False
2023-03-17 00:00:00+00:00,0,0,0,0.0,0.0,False,False,False
2023-03-18 00:00:00+00:00,0,0,0,0.0,0.0,False,False,False
2023-03-19 00:00:00+00:00,1,1,0,-0.41188662262798564,-0.41188662262798564,False,False,False
2023-03-20 00:00:00+00:00,1,1,0,0.6654734996330264,0.6654734996330264,False,False,False
2023-03-21 00:00:00+00:00,0,0,0,0.0,0.0,False,False,False
2023-03-22 00:00:00+00:00,1,1,0,-0.08350865340842073,-0.08350865340842073,False,False,False
2023-03-23 00:00:00+00:00,2,2,0,-1.1988382831097137,-1.1988382831097137,False,False,False
2023-03-24 00:00:00+00:00,0,0,0,0.0,0.0,False,False,False
2023-03-25 00:00:00+00:00,0,0,0,0.0,0.0,False,False,False
2023-03-26 00:00:00+00:00,0,0,0,0.0,0.0,False,False,False
2023-03-27 00:00:00+00:00,1,1,0,-0.25986314760508306,-0.25986314760508306,False,False,False
2023-03-28 00:00:00+00:00,0,0,0,0.0,0.0,False,False,False
2023-03-29 00:00:00+00:00,1,1,0,-1.1604544939591648,-1.1604544939591648,False,False,False
2023-03-30 00:00:00+00:00,1,1,0,0.2235855479881342,0.2235855479881342,False,False,False
2023-03-31 00:00:00+00:00,5,5,0,-1.0022920486224383,-1.0022920486224383,False,False,False
2023-04-01 00:00:00+00:00,0,0,0,0.0,0.0,False,False,False
2023-04-02 00:00:00+00:00,1,1,0,-0.13321720591976188,-0.13321720591976188,False,False,False
2023-04-03 00:00:00+00:00,2,2,0,1.7015503082476633,1.7015503082476633,False,False,False
2023-04-04 00:00:00+00:00,3,3,0,-1.6929465322940103,-1.6929465322940103,False,False,False
2023-04-05 00:00:00+00:00,1,1,0,-0.5000665561441822,-0.5000665561441822,False,False,False
2023-04-06 00:00:00+00:00,0,0,0,0.0,0.0,False,False,False
2023-04-07 00:00:00+00:00,0,0,0,0.0,0.0,False,False,False
2023-04-08 00:00:00+00:00,0,0,0,0.0,0.0,False,False,False
2023-04-09 00:00:00+00:00,0,0,0,0.0,0.0,False,False,False
2023-04-10 00:00:00+00:00,0,0,0,0.0,0.0,False,False,False
2023-04-11 00:00:00+00:00,1,1,0,-1.14355709343084,-1.14355709343084,False,False,False
2023-04-12 00:00:00+00:00,0,0,0,0.0,0.0,False,False,False
2023-04-13 00:00:00+00:00,0,0,0,0.0,0.0,False,False,False
2023-04-14 00:00:00+00:00,0,0,0,0.0,0.0,False,False,False
2023-04-15 00:00:00+00:00,0,0,0,0.0,0.0,False,False,False
2023-04-16 00:00:00+00:00,2,2,0,-1.548463233675765,-1.548463233675765,False,False,False
2023-04-17 00:00:00+00:00,0,0,0,0.0,0.0,False,False,False
2023-04-18 00:00:00+00:00,0,0,0,0.0,0.0,False,False,False
2023-04-19 00:00:00+00:00,1,1,0,-0.47644506886180665,-0.47644506886180665,False,False,False
2023-04-20 00:00:00+00:00,0,0,0,0.0,0.0,False,False,False
2023-04-21 00:00:00+00:00,2,2,0,0.09755726456558667,0.09755726456558667,False,False,False
2023-04-22 00:00:00+00:00,0,0,0,0.0,0.0,False,False,False
2023-04-23 00:00:00+00:00,0,0,0,0.0,0.0,False,False,False
2023-04-24 00:00:00+00:00,1,1,0,-1.0901996481025418,-1.0901996481025418,False,False,False
2023-04-25 00:00:00+00:00,1,1,0,-1.2005215530063325,-1.2005215530063325,False,False,False
2023-04-26 00:00:00+00:00,3,3,0,3.788858809133874,3.788858809133874,True,True,False
2023-04-27 00:00:00+00:00,1,1,0,-0.36629700017548555,-0.36629700017548555,False,False,False
2023-04-28 00:00:00+00:00,0,0,0,0.0,0.0,False,False,False
2023-04-29 00:00:00+00:00,0,0,0,0.0,0.0,False,False,False
2023-04-30 00:00:00+00:00,0,0,0,0.0,0.0,False,False,False
2023-05-01 00:00:00+00:00,0,0,0,0.0,0.0,False,False,False
2023-05-02 00:00:00+00:00,0,0,0,0.0,0.0,False,False,False
2023-05-03 00:00:00+00:00,2,2,0,-1.3048387703913837,-1.3048387703913837,False,False,False
2023-05-04 00:00:00+00:00,0,0,0,0.0,0.0,False,False,False
2023-05-05 00:00:00+00:00,0,0,0,0.0,0.0,False,False,False
2023-05-06 00:00:00+00:00,0,0,0,0.0,0.0,False,False,False
2023-05-07 00:00:00+00:00,0,0,0,0.0,0.0,False,False,False
2023-05-08 00:00:00+00:00,0,0,0,0.0,0.0,False,False,False
2023-05-09 00:00:00+00:00,1,1,0,0.025320312208241963,0.025320312208241963,False,False,False
2023-05-10 00:00:00+00:00,0,0,0,0.0,0.0,False,False,False
2023-05-11 00:00:00+00:00,0,0,0,0.0,0.0,False,False,False
2023-05-12 00:00:00+00:00,1,1,0,-0.563942191904142,-0.563942191904142,False,False,False
2023-05-13 00:00:00+00:00,1,1,0,-0.4902417469288925,-0.4902417469288925,False,False,False
2023-05-14 00:00:00+00:00,1,1,0,-1.2100284523976448,-1.2100284523976448,False,False,False
2023-05-15 00:00:00+00:00,1,1,0,-1.4120592104970817,-1.4120592104970817,False,False,False
2023-05-16 00:00:00+00:00,1,1,0,1.6544552836402333,1.6544552836402333,False,False,False
2023-05-17 00:00:00+00:00,1,1,0,-0.4571205054103169,-0.4571205054103169,False,False,False
2023-05-18 00:00:00+00:00,1,1,0,0.8192557092674169,0.8192557092674169,False,False,False
2023-05-19 00:00:00+00:00,1,1,0,-1.6194249788206476,-1.6194249788206476,False,False,False
2023-05-20 00:00:00+00:00,0,0,0,0.0,0.0,False,False,False
2023-05-21 00:00:00+00:00,0,0,0,0.0,0.0,False,False,False
2023-05-22 00:00:00+00:00,1,1,0,0.0787923910024726,0.0787923910024726,False,False,False
2023-05-23 00:00:00+00:00,0,0,0,0.0,0.0,False,False,False
2023-05-24 00:00:00+00:00,0,0,0,0.0,0.0,False,False,False
2023-05-25 00:00:00+00:00,0,0,0,0.0,0.0,False,False,False
2023-05-26 00:00:00+00:00,2,2,0,-1.7641445257431463,-1.7641445257431463,False,False,False
2023-05-27 00:00:00+00:00,0,0,0,0.0,0.0,False,False,False
2023-05-28 00:00:00+00:00,0,0,0,0.0,0.0,False,False,False
2023-05-29 00:00:00+00:00,0,0,0,0.0,0.0,False,False,False
2023-05-30 00:00:00+00:00,0,0,0,0.0,0.0,False,False,False
2023-05-31 00:00:00+00:00,0,0,0,0.0,0.0,False,False,False
2023-06-01 00:00:00+00:00,0,0,0,0.0,0.0,False,False,False
2023-06-02 00:00:00+00:00,0,0,0,0.0,0.0,False,False,False
2023-06-03 00:00:00+00:00,0,0,0,0.0,0.0,False,False,False
2023-06-04 00:00:00+00:00,0,0,0,0.0,0.0,False,False,False
2023-06-05 00:00:00+00:00,0,0,0,0.0,0.0,False,False,False
2023-06-06 00:00:00+00:00,0,0,0,0.0,0.0,False,False,False
2023-06-07 00:00:00+00:00,4,4,0,-0.3909956707451021,-0.3909956707451021,False,False,False
2023-06-08 00:00:00+00:00,1,1,0,-0.24402659034110263,-0.24402659034110263,False,False,False
2023-06-09 00:00:00+00:00,0,0,0,0.0,0.0,False,False,False
2023-06-10 00:00:00+00:00,1,1,0,0.36181678740448975,0.36181678740448975,False,False,False
2023-06-11 00:00:00+00:00,0,0,0,0.0,0.0,False,False,False
2023-06-12 00:00:00+00:00,0,0,0,0.0,0.0,False,False,False
2023-06-13 00:00:00+00:00,0,0,0,0.0,0.0,False,False,False
2023-06-14 00:00:00+00:00,0,0,0,0.0,0.0,False,False,False
2023-06-15 00:00:00+00:00,0,0,0,0.0,0.0,False,False,False
2023-06-16 00:00:00+00:00,2,2,0,-2.3187466699595065,-2.3187466699595065,False,False,False
2023-06-17 00:00:00+00:00,0,0,0,0.0,0.0,False,False,False
2023-06-18 00:00:00+00:00,1,1,0,-1.175474213095074,-1.175474213095074,False,False,False
2023-06-19 00:00:00+00:00,2,2,0,-1.0764809367966244,-1.0764809367966244,False,False,False
2023-06-20 00:00:00+00:00,0,0,0,0.0,0.0,False,False,False
2023-06-21 00:00:00+00:00,0,0,0,0.0,0.0,False,False,False
2023-06-22 00:00:00+00:00,1,1,0,-0.11979888182876439,-0.11979888182876439,False,False,False
2023-06-23 00:00:00+00:00,0,0,0,0.0,0.0,False,False,False
2023-06-24 00:00:00+00:00,0,0,0,0.0,0.0,False,False,False
2023-06-25 00:00:00+00:00,0,0,0,0.0,0.0,False,False,False
2023-06-26 00:00:00+00:00,0,0,0,0.0,0.0,False,False,False
2023-06-27 00:00:00+00:00,3,3,0,-2.4421974212669895,-2.4421974212669895,False,False,False
2023-06-28 00:00:00+00:00,1,1,0,0.2788565060896326,0.2788565060896326,False,False,False
2023-06-29 00:00:00+00:00,0,0,0,0.0,0.0,False,False,False
2023-06-30 00:00:00+00:00,3,3,0,-1.9460113035017061,-1.9460113035017061,False,False,False
2023-07-01 00:00:00+00:00,0,0,0,0.0,0.0,False,False,False
2023-07-02 00:00:00+00:00,0,0,0,0.0,0.0,False,False,False
2023-07-03 00:00:00+00:00,0,0,0,0.0,0.0,False,False,False
2023-07-04 00:00:00+00:00,0,0,0,0.0,0.0,False,False,False
2023-07-05 00:00:00+00:00,0,0,0,0.0,0.0,False,False,False
2023-07-06 00:00:00+00:00,1,1,0,0.8691985888874809,0.8691985888874809,False,False,False
2023-07-07 00:00:00+00:00,0,0,0,0.0,0.0,False,False,False
2023-07-08 00:00:00+00:00,0,0,0,0.0,0.0,False,False,False
2023-07-09 00:00:00+00:00,0,0,0,0.0,0.0,False,False,False
2023-07-10 00:00:00+00:00,0,0,0,0.0,0.0,False,False,False
2023-07-11 00:00:00+00:00,0,0,0,0.0,0.0,False,False,False
2023-07-12 00:00:00+00:00,0,0,0,0.0,0.0,False,False,False
2023-07-13 00:00:00+00:00,0,0,0,0.0,0.0,False,False,False
2023-07-14 00:00:00+00:00,0,0,0,0.0,0.0,False,False,False
2023-07-15 00:00:00+00:00,0,0,0,0.0,0.0,False,False,False
2023-07-16 00:00:00+00:00,0,0,0,0.0,0.0,False,False,False
2023-07-17 00:00:00+00:00,0,0,0,0.0,0.0,False,False,False
2023-07-18 00:00:00+00:00,0,0,0,0.0,0.0,False,False,False
2023-07-19 00:00:00+00:00,0,0,0,0.0,0.0,False,False,False
2023-07-20 00:00:00+00:00,0,0,0,0.0,0.0,False,False,False
2023-07-21 00:00:00+00:00,0,0,0,0.0,0.0,False,False,False
2023-07-22 00:00:00+00:00,0,0,0,0.0,0.0,False,False,False
2023-07-23 00:00:00+00:00,0,0,0,0.0,0.0,False,False,False
2023-07-24 00:00:00+00:00,0,0,0,0.0,0.0,False,False,False
2023-07-25 00:00:00+00:00,0,0,0,0.0,0.0,False,False,False
2023-07-26 00:00:00+00:00,0,0,0,0.0,0.0,False,False,False
2023-07-27 00:00:00+00:00,0,0,0,0.0,0.0,False,False,False
2023-07-28 00:00:00+00:00,0,0,0,0.0,0.0,False,False,False
2023-07-29 00:00:00+00:00,0,0,0,0.0,0.0,False,False,False
2023-07-30 00:00:00+00:00,0,0,0,0.0,0.0,False,False,False
2023-07-31 00:00:00+00:00,0,0,0,0.0,0.0,False,False,False
2023-08-01 00:00:00+00:00,0,0,0,0.0,0.0,False,False,False
2023-08-02 00:00:00+00:00,0,0,0,0.0,0.0,False,False,False
2023-08-03 00:00:00+00:00,0,0,0,0.0,0.0,False,False,False
2023-08-04 00:00:00+00:00,0,0,0,0.0,0.0,False,False,False
2023-08-05 00:00:00+00:00,0,0,0,0.0,0.0,False,False,False
2023-08-06 00:00:00+00:00,0,0,0,0.0,0.0,False,False,False
2023-08-07 00:00:00+00:00,0,0,0,0.0,0.0,False,False,False
2023-08-08 00:00:00+00:00,0,0,0,0.0,0.0,False,False,False
2023-08-09 00:00:00+00:00,0,0,0,0.0,0.0,False,False,False
2023-08-10 00:00:00+00:00,0,0,0,0.0,0.0,False,False,False
2023-08-11 00:00:00+00:00,0,0,0,0.0,0.0,False,False,False
2023-08-12 00:00:00+00:00,0,0,0,0.0,0.0,False,False,False
2023-08-13 00:00:00+00:00,0,0,0,0.0,0.0,False,False,False
2023-08-14 00:00:00+00:00,0,0,0,0.0,0.0,False,False,False
2023-08-15 00:00:00+00:00,0,0,0,0.0,0.0,False,False,False
2023-08-16 00:00:00+00:00,0,0,0,0.0,0.0,False,False,False
2023-08-17 00:00:00+00:00,0,0,0,0.0,0.0,False,False,False
2023-08-18 00:00:00+00:00,0,0,0,0.0,0.0,False,False,False
2023-08-19 00:00:00+00:00,0,0,0,0.0,0.0,False,False,False
2023-08-20 00:00:00+00:00,0,0,0,0.0,0.0,False,False,False
2023-08-21 00:00:00+00:00,1,1,0,0.048371110000181114,0.048371110000181114,False,False,False
2023-08-22 00:00:00+00:00,0,0,0,0.0,0.0,False,False,False
2023-08-23 00:00:00+00:00,0,0,0,0.0,0.0,False,False,False
2023-08-24 00:00:00+00:00,0,0,0,0.0,0.0,False,False,False
2023-08-25 00:00:00+00:00,0,0,0,0.0,0.0,False,False,False
2023-08-26 00:00:00+00:00,0,0,0,0.0,0.0,False,False,False
2023-08-27 00:00:00+00:00,0,0,0,0.0,0.0,False,False,False
2023-08-28 00:00:00+00:00,0,0,0,0.0,0.0,False,False,False
2023-08-29 00:00:00+00:00,0,0,0,0.0,0.0,False,False,False
2023-08-30 00:00:00+00:00,0,0,0,0.0,0.0,False,False,False
2023-08-31 00:00:00+00:00,1,1,0,-1.097762979151053,-1.097762979151053,False,False,False
2023-09-01 00:00:00+00:00,0,0,0,0.0,0.0,False,False,False
2023-09-02 00:00:00+00:00,0,0,0,0.0,0.0,False,False,False
2023-09-03 00:00:00+00:00,0,0,0,0.0,0.0,False,False,False
2023-09-04 00:00:00+00:00,0,0,0,0.0,0.0,False,False,False
2023-09-05 00:00:00+00:00,0,0,0,0.0,0.0,False,False,False
2023-09-06 00:00:00+00:00,0,0,0,0.0,0.0,False,False,False
2023-09-07 00:00:00+00:00,0,0,0,0.0,0.0,False,False,False
2023-09-08 00:00:00+00:00,0,0,0,0.0,0.0,False,False,False
2023-09-09 00:00:00+00:00,0,0,0,0.0,0.0,False,False,False
2023-09-10 00:00:00+00:00,0,0,0,0.0,0.0,False,False,False
2023-09-11 00:00:00+00:00,0,0,0,0.0,0.0,False,False,False
2023-09-12 00:00:00+00:00,0,0,0,0.0,0.0,False,False,False
2023-09-13 00:00:00+00:00,0,0,0,0.0,0.0,False,False,False
2023-09-14 00:00:00+00:00,0,0,0,0.0,0.0,False,False,False
2023-09-15 00:00:00+00:00,0,0,0,0.0,0.0,False,False,False
2023-09-16 00:00:00+00:00,0,0,0,0.0,0.0,False,False,False
2023-09-17 00:00:00+00:00,0,0,0,0.0,0.0,False,False,False
2023-09-18 00:00:00+00:00,0,0,0,0.0,0.0,False,False,False
2023-09-19 00:00:00+00:00,0,0,0,0.0,0.0,False,False,False
2023-09-20 00:00:00+00:00,0,0,0,0.0,0.0,False,False,False
2023-09-21 00:00:00+00:00,0,0,0,0.0,0.0,False,False,False
2023-09-22 00:00:00+00:00,0,0,0,0.0,0.0,False,False,False
2023-09-23 00:00:00+00:00,0,0,0,0.0,0.0,False,False,False
2023-09-24 00:00:00+00:00,0,0,0,0.0,0.0,False,False,False
2023-09-25 00:00:00+00:00,0,0,0,0.0,0.0,False,False,False
2023-09-26 00:00:00+00:00,0,0,0,0.0,0.0,False,False,False
2023-09-27 00:00:00+00:00,0,0,0,0.0,0.0,False,False,False
2023-09-28 00:00:00+00:00,0,0,0,0.0,0.0,False,False,False
2023-09-29 00:00:00+00:00,1,1,0,-0.3925178005325588,-0.3925178005325588,False,False,False
2023-09-30 00:00:00+00:00,0,0,0,0.0,0.0,False,False,False
2023-10-01 00:00:00+00:00,0,0,0,0.0,0.0,False,False,False
2023-10-02 00:00:00+00:00,0,0,0,0.0,0.0,False,False,False
2023-10-03 00:00:00+00:00,0,0,0,0.0,0.0,False,False,False
2023-10-04 00:00:00+00:00,0,0,0,0.0,0.0,False,False,False
2023-10-05 00:00:00+00:00,0,0,0,0.0,0.0,False,False,False
2023-10-06 00:00:00+00:00,0,0,0,0.0,0.0,False,False,False
2023-10-07 00:00:00+00:00,0,0,0,0.0,0.0,False,False,False
2023-10-08 00:00:00+00:00,0,0,0,0.0,0.0,False,False,False
2023-10-09 00:00:00+00:00,0,0,0,0.0,0.0,False,False,False
2023-10-10 00:00:00+00:00,0,0,0,0.0,0.0,False,False,False
2023-10-11 00:00:00+00:00,0,0,0,0.0,0.0,False,False,False
2023-10-12 00:00:00+00:00,0,0,0,0.0,0.0,False,False,False
2023-10-13 00:00:00+00:00,1,1,0,-0.32368628678966266,-0.32368628678966266,False,False,False
2023-10-14 00:00:00+00:00,0,0,0,0.0,0.0,False,False,False
2023-10-15 00:00:00+00:00,0,0,0,0.0,0.0,False,False,False
2023-10-16 00:00:00+00:00,0,0,0,0.0,0.0,False,False,False
2023-10-17 00:00:00+00:00,1,1,0,0.3280913815499927,0.3280913815499927,False,False,False
2023-10-18 00:00:00+00:00,0,0,0,0.0,0.0,False,False,False
2023-10-19 00:00:00+00:00,0,0,0,0.0,0.0,False,False,False
2023-10-20 00:00:00+00:00,0,0,0,0.0,0.0,False,False,False
2023-10-21 00:00:00+00:00,0,0,0,0.0,0.0,False,False,False
2023-10-22 00:00:00+00:00,0,0,0,0.0,0.0,False,False,False
2023-10-23 00:00:00+00:00,0,0,0,0.0,0.0,False,False,False
2023-10-24 00:00:00+00:00,2,2,0,-0.9171330139822107,-0.9171330139822107,False,False,False
2023-10-25 00:00:00+00:00,0,0,0,0.0,0.0,False,False,False
2023-10-26 00:00:00+00:00,0,0,0,0.0,0.0,False,False,False
2023-10-27 00:00:00+00:00,0,0,0,0.0,0.0,False,False,False
2023-10-28 00:00:00+00:00,0,0,0,0.0,0.0,False,False,False
2023-10-29 00:00:00+00:00,0,0,0,0.0,0.0,False,False,False
2023-10-30 00:00:00+00:00,0,0,0,0.0,0.0,False,False,False
2023-10-31 00:00:00+00:00,1,1,0,-0.004634180170890095,-0.004634180170890095,False,False,False
2023-11-01 00:00:00+00:00,0,0,0,0.0,0.0,False,False,False
2023-11-02 00:00:00+00:00,0,0,0,0.0,0.0,False,False,False
2023-11-03 00:00:00+00:00,0,0,0,0.0,0.0,False,False,False
2023-11-04 00:00:00+00:00,0,0,0,0.0,0.0,False,False,False
2023-11-05 00:00:00+00:00,1,1,0,0.4400445266885518,0.4400445266885518,False,False,False
2023-11-06 00:00:00+00:00,0,0,0,0.0,0.0,False,False,False
2023-11-07 00:00:00+00:00,0,0,0,0.0,0.0,False,False,False
2023-11-08 00:00:00+00:00,0,0,0,0.0,0.0,False,False,False
2023-11-09 00:00:00+00:00,2,2,0,-0.695928187093391,-0.695928187093391,False,False,False
2023-11-10 00:00:00+00:00,1,1,0,-0.4754098026088162,-0.4754098026088162,False,False,False
2023-11-11 00:00:00+00:00,0,0,0,0.0,0.0,False,False,False
2023-11-12 00:00:00+00:00,0,0,0,0.0,0.0,False,False,False
2023-11-13 00:00:00+00:00,0,0,0,0.0,0.0,False,False,False
2023-11-14 00:00:00+00:00,0,0,0,0.0,0.0,False,False,False
2023-11-15 00:00:00+00:00,1,1,0,-0.6502105543607836,-0.6502105543607836,False,False,False
2023-11-16 00:00:00+00:00,0,0,0,0.0,0.0,False,False,False
2023-11-17 00:00:00+00:00,0,0,0,0.0,0.0,False,False,False
2023-11-18 00:00:00+00:00,0,0,0,0.0,0.0,False,False,False
2023-11-19 00:00:00+00:00,0,0,0,0.0,0.0,False,False,False
2023-11-20 00:00:00+00:00,0,0,0,0.0,0.0,False,False,False
2023-11-21 00:00:00+00:00,0,0,0,0.0,0.0,False,False,False
2023-11-22 00:00:00+00:00,0,0,0,0.0,0.0,False,False,False
2023-11-23 00:00:00+00:00,0,0,0,0.0,0.0,False,False,False
2023-11-24 00:00:00+00:00,0,0,0,0.0,0.0,False,False,False
2023-11-25 00:00:00+00:00,0,0,0,0.0,0.0,False,False,False
2023-11-26 00:00:00+00:00,0,0,0,0.0,0.0,False,False,False
2023-11-27 00:00:00+00:00,0,0,0,0.0,0.0,False,False,False
2023-11-28 00:00:00+00:00,0,0,0,0.0,0.0,False,False,False
2023-11-29 00:00:00+00:00,0,0,0,0.0,0.0,False,False,False
2023-11-30 00:00:00+00:00,0,0,0,0.0,0.0,False,False,False
2023-12-01 00:00:00+00:00,0,0,0,0.0,0.0,False,False,False
2023-12-02 00:00:00+00:00,0,0,0,0.0,0.0,False,False,False
2023-12-03 00:00:00+00:00,0,0,0,0.0,0.0,False,False,False
2023-12-04 00:00:00+00:00,0,0,0,0.0,0.0,False,False,False
2023-12-05 00:00:00+00:00,0,0,0,0.0,0.0,False,False,False
2023-12-06 00:00:00+00:00,1,1,0,0.33811233884235403,0.33811233884235403,False,False,False
2023-12-07 00:00:00+00:00,0,0,0,0.0,0.0,False,False,False
2023-12-08 00:00:00+00:00,0,0,0,0.0,0.0,False,False,False
2023-12-09 00:00:00+00:00,0,0,0,0.0,0.0,False,False,False
2023-12-10 00:00:00+00:00,0,0,0,0.0,0.0,False,False,False
2023-12-11 00:00:00+00:00,0,0,0,0.0,0.0,False,False,False
2023-12-12 00:00:00+00:00,1,1,0,-1.0696651094060403,-1.0696651094060403,False,False,False
2023-12-13 00:00:00+00:00,2,2,0,-0.7117779204577657,-0.7117779204577657,False,False,False
2023-12-14 00:00:00+00:00,2,2,0,-0.15634890714607114,-0.15634890714607114,False,False,False
2023-12-15 00:00:00+00:00,0,0,0,0.0,0.0,False,False,False
2023-12-16 00:00:00+00:00,0,0,0,0.0,0.0,False,False,False
2023-12-17 00:00:00+00:00,0,0,0,0.0,0.0,False,False,False
2023-12-18 00:00:00+00:00,0,0,0,0.0,0.0,False,False,False
2023-12-19 00:00:00+00:00,0,0,0,0.0,0.0,False,False,False
2023-12-20 00:00:00+00:00,0,0,0,0.0,0.0,False,False,False
2023-12-21 00:00:00+00:00,0,0,0,0.0,0.0,False,False,False
2023-12-22 00:00:00+00:00,0,0,0,0.0,0.0,False,False,False
2023-12-23 00:00:00+00:00,0,0,0,0.0,0.0,False,False,False
2023-12-24 00:00:00+00:00,0,0,0,0.0,0.0,False,False,False
2023-12-25 00:00:00+00:00,0,0,0,0.0,0.0,False,False,False
2023-12-26 00:00:00+00:00,0,0,0,0.0,0.0,False,False,False
2023-12-27 00:00:00+00:00,0,0,0,0.0,0.0,False,False,False
2023-12-28 00:00:00+00:00,0,0,0,0.0,0.0,False,False,False
2023-12-29 00:00:00+00:00,1,1,0,0.5351954648421394,0.5351954648421394,False,False,False
2023-12-30 00:00:00+00:00,0,0,0,0.0,0.0,False,False,False
2023-12-31 00:00:00+00:00,0,0,0,0.0,0.0,False,False,False
2024-01-01 00:00:00+00:00,0,0,0,0.0,0.0,False,False,False
2024-01-02 00:00:00+00:00,0,0,0,0.0,0.0,False,False,False
2024-01-03 00:00:00+00:00,0,0,0,0.0,0.0,False,False,False
2024-01-04 00:00:00+00:00,3,3,0,-1.6399563890872,-1.6399563890872,False,False,False
2024-01-05 00:00:00+00:00,2,2,0,1.7923444547609615,1.7923444547609615,False,False,False
2024-01-06 00:00:00+00:00,0,0,0,0.0,0.0,False,False,False
2024-01-07 00:00:00+00:00,0,0,0,0.0,0.0,False,False,False
2024-01-08 00:00:00+00:00,0,0,0,0.0,0.0,False,False,False
2024-01-09 00:00:00+00:00,3,3,0,1.1035061783314064,1.1035061783314064,False,False,False
2024-01-10 00:00:00+00:00,1,1,0,0.2897179625723617,0.2897179625723617,False,False,False
2024-01-11 00:00:00+00:00,1,1,0,-0.20531613488926406,-0.20531613488926406,False,False,False
2024-01-12 00:00:00+00:00,0,0,0,0.0,0.0,False,False,False
2024-01-13 00:00:00+00:00,0,0,0,0.0,0.0,False,False,False
2024-01-14 00:00:00+00:00,0,0,0,0.0,0.0,False,False,False
2024-01-15 00:00:00+00:00,2,2,0,2.3994543265589847,2.3994543265589847,True,False,False
2024-01-16 00:00:00+00:00,0,0,0,0.0,0.0,False,False,False
2024-01-17 00:00:00+00:00,0,0,0,0.0,0.0,False,False,False
2024-01-18 00:00:00+00:00,0,0,0,0.0,0.0,False,False,False
2024-01-19 00:00:00+00:00,1,1,0,-0.15974123274221863,-0.15974123274221863,False,False,False
2024-01-20 00:00:00+00:00,0,0,0,0.0,0.0,False,False,False
2024-01-21 00:00:00+00:00,0,0,0,0.0,0.0,False,False,False
2024-01-22 00:00:00+00:00,0,0,0,0.0,0.0,False,False,False
2024-01-23 00:00:00+00:00,1,1,0,-0.20907661649671855,-0.20907661649671855,False,False,False
2024-01-24 00:00:00+00:00,2,2,0,1.2183303964850327,1.2183303964850327,False,False,False
2024-01-25 00:00:00+00:00,0,0,0,0.0,0.0,False,False,False
2024-01-26 00:00:00+00:00,0,0,0,0.0,0.0,False,False,False
2024-01-27 00:00:00+00:00,0,0,0,0.0,0.0,False,False,False
2024-01-28 00:00:00+00:00,2,2,0,-1.024468506824558,-1.024468506824558,False,False,False
2024-01-29 00:00:00+00:00,1,1,0,-0.25646680235893604,-0.25646680235893604,False,False,False
2024-01-30 00:00:00+00:00,0,0,0,0.0,0.0,False,False,False
2024-01-31 00:00:00+00:00,1,1,0,0.28256091654733306,0.28256091654733306,False,False,False
2024-02-01 00:00:00+00:00,0,0,0,0.0,0.0,False,False,False
2024-02-02 00:00:00+00:00,0,0,0,0.0,0.0,False,False,False
2024-02-03 00:00:00+00:00,0,0,0,0.0,0.0,False,False,False
2024-02-04 00:00:00+00:00,0,0,0,0.0,0.0,False,False,False
2024-02-05 00:00:00+00:00,1,1,0,0.16734049178494637,0.16734049178494637,False,False,False
2024-02-06 00:00:00+00:00,1,1,0,0.6714371983097829,0.6714371983097829,False,False,False
2024-02-07 00:00:00+00:00,0,0,0,0.0,0.0,False,False,False
2024-02-08 00:00:00+00:00,0,0,0,0.0,0.0,False,False,False
2024-02-09 00:00:00+00:00,0,0,0,0.0,0.0,False,False,False
2024-02-10 00:00:00+00:00,0,0,0,0.0,0.0,False,False,False
2024-02-11 00:00:00+00:00,0,0,0,0.0,0.0,False,False,False
2024-02-12 00:00:00+00:00,1,1,0,0.8238371107094344,0.8238371107094344,False,False,False
2024-02-13 00:00:00+00:00,2,2,0,0.8397783798585235,0.8397783798585235,False,False,False
2024-02-14 00:00:00+00:00,0,0,0,0.0,0.0,False,False,False
2024-02-15 00:00:00+00:00,2,2,0,0.5175208925678367,0.5175208925678367,False,False,False
2024-02-16 00:00:00+00:00,7,7,0,-0.5831533541768956,-0.5831533541768956,False,False,False
2024-02-17 00:00:00+00:00,0,0,0,0.0,0.0,False,False,False
2024-02-18 00:00:00+00:00,0,0,0,0.0,0.0,False,False,False
2024-02-19 00:00:00+00:00,0,0,0,0.0,0.0,False,False,False
2024-02-20 00:00:00+00:00,1,1,0,0.8896729154604449,0.8896729154604449,False,False,False
2024-02-21 00:00:00+00:00,0,0,0,0.0,0.0,False,False,False
2024-02-22 00:00:00+00:00,1,1,0,0.36242994368686465,0.36242994368686465,False,False,False
2024-02-23 00:00:00+00:00,0,0,0,0.0,0.0,False,False,False
2024-02-24 00:00:00+00:00,0,0,0,0.0,0.0,False,False,False
2024-02-25 00:00:00+00:00,1,1,0,-0.35245729266133796,-0.35245729266133796,False,False,False
2024-02-26 00:00:00+00:00,0,0,0,0.0,0.0,False,False,False
2024-02-27 00:00:00+00:00,0,0,0,0.0,0.0,False,False,False
2024-02-28 00:00:00+00:00,1,1,0,0.09582323478306576,0.09582323478306576,False,False,False
2024-02-29 00:00:00+00:00,0,0,0,0.0,0.0,False,False,False
2024-03-01 00:00:00+00:00,0,0,0,0.0,0.0,False,False,False
2024-03-02 00:00:00+00:00,0,0,0,0.0,0.0,False,False,False
2024-03-03 00:00:00+00:00,0,0,0,0.0,0.0,False,False,False
2024-03-04 00:00:00+00:00,0,0,0,0.0,0.0,False,False,False
2024-03-05 00:00:00+00:00,3,3,0,-0.15300183256888145,-0.15300183256888145,False,False,False
2024-03-06 00:00:00+00:00,1,1,0,-0.29992731756335883,-0.29992731756335883,False,False,False
2024-03-07 00:00:00+00:00,0,0,0,0.0,0.0,False,False,False
2024-03-08 00:00:00+00:00,0,0,0,0.0,0.0,False,False,False
2024-03-09 00:00:00+00:00,0,0,0,0.0,0.0,False,False,False
2024-03-10 00:00:00+00:00,0,0,0,0.0,0.0,False,False,False
2024-03-11 00:00:00+00:00,3,3,0,-0.6197131304529296,-0.6197131304529296,False,False,False
2024-03-12 00:00:00+00:00,1,1,0,0.010717764590067229,0.010717764590067229,False,False,False
2024-03-13 00:00:00+00:00,0,0,0,0.0,0.0,False,False,False
2024-03-14 00:00:00+00:00,2,2,0,-0.49968371581381643,-0.49968371581381643,False,False,False
2024-03-15 00:00:00+00:00,1,1,0,0.244287263038778,0.244287263038778,False,False,False
2024-03-16 00:00:00+00:00,1,1,0,-0.23933918673004784,-0.23933918673004784,False,False,False
2024-03-17 00:00:00+00:00,1,1,0,1.9013560988893283,1.9013560988893283,False,False,False
2024-03-18 00:00:00+00:00,4,4,0,3.5866118289465145,3.5866118289465145,True,True,False
2024-03-19 00:00:00+00:00,0,0,0,0.0,0.0,False,False,False
2024-03-20 00:00:00+00:00,1,1,0,1.9144365911907852,1.9144365911907852,False,False,False
2024-03-21 00:00:00+00:00,3,3,0,-1.6618097994094851,-1.6618097994094851,False,False,False
2024-03-22 00:00:00+00:00,0,0,0,0.0,0.0,False,False,False
2024-03-23 00:00:00+00:00,3,3,0,-1.1635031177369974,-1.1635031177369974,False,False,False
2024-03-24 00:00:00+00:00,1,1,0,0.46051086434642696,0.46051086434642696,False,False,False
2024-03-25 00:00:00+00:00,0,0,0,0.0,0.0,False,False,False
2024-03-26 00:00:00+00:00,0,0,0,0.0,0.0,False,False,False
2024-03-27 00:00:00+00:00,3,3,0,-3.155764123046119,-3.155764123046119,False,False,False
2024-03-28 00:00:00+00:00,2,2,0,-1.3543064923903352,-1.3543064923903352,False,False,False
2024-03-29 00:00:00+00:00,0,0,0,0.0,0.0,False,False,False
2024-03-30 00:00:00+00:00,0,0,0,0.0,0.0,False,False,False
2024-03-31 00:00:00+00:00,0,0,0,0.0,0.0,False,False,False
2024-04-01 00:00:00+00:00,0,0,0,0.0,0.0,False,False,False
2024-04-02 00:00:00+00:00,0,0,0,0.0,0.0,False,False,False
2024-04-03 00:00:00+00:00,0,0,0,0.0,0.0,False,False,False
2024-04-04 00:00:00+00:00,0,0,0,0.0,0.0,False,False,False
2024-04-05 00:00:00+00:00,1,1,0,0.5139728138589295,0.5139728138589295,False,False,False
2024-04-06 00:00:00+00:00,0,0,0,0.0,0.0,False,False,False
2024-04-07 00:00:00+00:00,0,0,0,0.0,0.0,False,False,False
2024-04-08 00:00:00+00:00,1,1,0,-0.7302826927739087,-0.7302826927739087,False,False,False
2024-04-09 00:00:00+00:00,3,3,0,-0.9967013479198119,-0.9967013479198119,False,False,False
2024-04-10 00:00:00+00:00,0,0,0,0.0,0.0,False,False,False
2024-04-11 00:00:00+00:00,2,2,0,-0.26873472688983613,-0.26873472688983613,False,False,False
2024-04-12 00:00:00+00:00,1,1,0,-0.3495789892200758,-0.3495789892200758,False,False,False
2024-04-13 00:00:00+00:00,1,1,0,0.02313084967853503,0.02313084967853503,False,False,False
2024-04-14 00:00:00+00:00,0,0,0,0.0,0.0,False,False,False
2024-04-15 00:00:00+00:00,0,0,0,0.0,0.0,False,False,False
2024-04-16 00:00:00+00:00,0,0,0,0.0,0.0,False,False,False
2024-04-17 00:00:00+00:00,0,0,0,0.0,0.0,False,False,False
2024-04-18 00:00:00+00:00,1,1,0,-0.8055833760669604,-0.8055833760669604,False,False,False
2024-04-19 00:00:00+00:00,0,0,0,0.0,0.0,False,False,False
2024-04-20 00:00:00+00:00,0,0,0,0.0,0.0,False,False,False
2024-04-21 00:00:00+00:00,0,0,0,0.0,0.0,False,False,False
2024-04-22 00:00:00+00:00,0,0,0,0.0,0.0,False,False,False
2024-04-23 00:00:00+00:00,1,1,0,-0.3479458542584253,-0.3479458542584253,False,False,False
2024-04-24 00:00:00+00:00,1,1,0,-0.38152492806512006,-0.38152492806512006,False,False,False
2024-04-25 00:00:00+00:00,0,0,0,0.0,0.0,False,False,False
2024-04-26 00:00:00+00:00,1,1,0,0.09075413645728289,0.09075413645728289,False,False,False
2024-04-27 00:00:00+00:00,0,0,0,0.0,0.0,False,False,False
2024-04-28 00:00:00+00:00,0,0,0,0.0,0.0,False,False,False
2024-04-29 00:00:00+00:00,0,0,0,0.0,0.0,False,False,False
2024-04-30 00:00:00+00:00,1,1,0,0.6258891795668717,0.6258891795668717,False,False,False
2024-05-01 00:00:00+00:00,0,0,0,0.0,0.0,False,False,False
2024-05-02 00:00:00+00:00,2,2,0,-0.9003224918725936,-0.9003224918725936,False,False,False
2024-05-03 00:00:00+00:00,0,0,0,0.0,0.0,False,False,False
2024-05-04 00:00:00+00:00,0,0,0,0.0,0.0,False,False,False
2024-05-05 00:00:00+00:00,3,3,0,-0.2324393014981151,-0.2324393014981151,False,False,False
2024-05-06 00:00:00+00:00,1,1,0,-0.829224443251448,-0.829224443251448,False,False,False
2024-05-07 00:00:00+00:00,1,1,0,0.1087758165859345,0.1087758165859345,False,False,False
2024-05-08 00:00:00+00:00,0,0,0,0.0,0.0,False,False,False
2024-05-09 00:00:00+00:00,2,2,0,-1.703862834514429,-1.703862834514429,False,False,False
2024-05-10 00:00:00+00:00,2,2,0,0.0001728707138140828,0.0001728707138140828,False,False,False
2024-05-11 00:00:00+00:00,0,0,0,0.0,0.0,False,False,False
2024-05-12 00:00:00+00:00,0,0,0,0.0,0.0,False,False,False
2024-05-13 00:00:00+00:00,0,0,0,0.0,0.0,False,False,False
2024-05-14 00:00:00+00:00,2,2,0,0.7429399450429637,0.7429399450429637,False,False,False
2024-05-15 00:00:00+00:00,0,0,0,0.0,0.0,False,False,False
2024-05-16 00:00:00+00:00,1,1,0,-0.00763921035221303,-0.00763921035221303,False,False,False
2024-05-17 00:00:00+00:00,1,1,0,-1.2943932251082195,-1.2943932251082195,False,False,False
2024-05-18 00:00:00+00:00,0,0,0,0.0,0.0,False,False,False
2024-05-19 00:00:00+00:00,0,0,0,0.0,0.0,False,False,False
2024-05-20 00:00:00+00:00,0,0,0,0.0,0.0,False,False,False
2024-05-21 00:00:00+00:00,1,1,0,0.3328029084050549,0.3328029084050549,False,False,False
2024-05-22 00:00:00+00:00,3,3,0,0.4550103354549831,0.4550103354549831,False,False,False
2024-05-23 00:00:00+00:00,1,1,0,1.9127669101127869,1.9127669101127869,False,False,False
2024-05-24 00:00:00+00:00,0,0,0,0.0,0.0,False,False,False
2024-05-25 00:00:00+00:00,1,1,0,0.31507919199362067,0.31507919199362067,False,False,False
2024-05-26 00:00:00+00:00,1,1,0,-0.30425442886132337,-0.30425442886132337,False,False,False
2024-05-27 00:00:00+00:00,0,0,0,0.0,0.0,False,False,False
2024-05-28 00:00:00+00:00,0,0,0,0.0,0.0,False,False,False
2024-05-29 00:00:00+00:00,0,0,0,0.0,0.0,False,False,False
2024-05-30 00:00:00+00:00,1,1,0,-0.6585970670327347,-0.6585970670327347,False,False,False
2024-05-31 00:00:00+00:00,1,1,0,0.20247289221598874,0.20247289221598874,False,False,False
2024-06-01 00:00:00+00:00,0,0,0,0.0,0.0,False,False,False
2024-06-02 00:00:00+00:00,0,0,0,0.0,0.0,False,False,False
2024-06-03 00:00:00+00:00,0,0,0,0.0,0.0,False,False,False
2024-06-04 00:00:00+00:00,0,0,0,0.0,0.0,False,False,False
2024-06-05 00:00:00+00:00,1,1,0,-0.24594133508535396,-0.24594133508535396,False,False,False
2024-06-06 00:00:00+00:00,0,0,0,0.0,0.0,False,False,False
2024-06-07 00:00:00+00:00,0,0,0,0.0,0.0,False,False,False
2024-06-08 00:00:00+00:00,0,0,0,0.0,0.0,False,False,False
2024-06-09 00:00:00+00:00,1,1,0,-0.5246684675282527,-0.5246684675282527,False,False,False
2024-06-10 00:00:00+00:00,0,0,0,0.0,0.0,False,False,False
2024-06-11 00:00:00+00:00,0,0,0,0.0,0.0,False,False,False
2024-06-12 00:00:00+00:00,1,1,0,-0.5869793047600049,-0.5869793047600049,False,False,False
2024-06-13 00:00:00+00:00,1,1,0,-1.0806475634935075,-1.0806475634935075,False,False,False
2024-06-14 00:00:00+00:00,1,1,0,0.3977392076405482,0.3977392076405482,False,False,False
2024-06-15 00:00:00+00:00,0,0,0,0.0,0.0,False,False,False
2024-06-16 00:00:00+00:00,0,0,0,0.0,0.0,False,False,False
2024-06-17 00:00:00+00:00,1,1,0,0.16857680865761415,0.16857680865761415,False,False,False
2024-06-18 00:00:00+00:00,0,0,0,0.0,0.0,False,False,False
2024-06-19 00:00:00+00:00,0,0,0,0.0,0.0,False,False,False
2024-06-20 00:00:00+00:00,0,0,0,0.0,0.0,False,False,False
2024-06-21 00:00:00+00:00,0,0,0,0.0,0.0,False,False,False
2024-06-22 00:00:00+00:00,0,0,0,0.0,0.0,False,False,False
2024-06-23 00:00:00+00:00,0,0,0,0.0,0.0,False,False,False
2024-06-24 00:00:00+00:00,0,0,0,0.0,0.0,False,False,False
2024-06-25 00:00:00+00:00,1,1,0,-1.1108212935386754,-1.1108212935386754,False,False,False
2024-06-26 00:00:00+00:00,1,1,0,1.2379597315291242,1.2379597315291242,False,False,False
2024-06-27 00:00:00+00:00,0,0,0,0.0,0.0,False,False,False
2024-06-28 00:00:00+00:00,0,0,0,0.0,0.0,False,False,False
2024-06-29 00:00:00+00:00,0,0,0,0.0,0.0,False,False,False
2024-06-30 00:00:00+00:00,0,0,0,0.0,0.0,False,False,False
2024-07-01 00:00:00+00:00,0,0,0,0.0,0.0,False,False,False
2024-07-02 00:00:00+00:00,0,0,0,0.0,0.0,False,False,False
2024-07-03 00:00:00+00:00,0,0,0,0.0,0.0,False,False,False
2024-07-04 00:00:00+00:00,1,1,0,0.6239624838573812,0.6239624838573812,False,False,False
2024-07-05 00:00:00+00:00,0,0,0,0.0,0.0,False,False,False
2024-07-06 00:00:00+00:00,2,2,0,-2.2497727273375103,-2.2497727273375103,False,False,False
2024-07-07 00:00:00+00:00,2,2,0,0.029802622908187748,0.029802622908187748,False,False,False
2024-07-08 00:00:00+00:00,1,1,0,0.0020250705116368756,0.0020250705116368756,False,False,False
2024-07-09 00:00:00+00:00,1,1,0,-1.124926659669378,-1.124926659669378,False,False,False
2024-07-10 00:00:00+00:00,1,1,0,-1.1344496047327555,-1.1344496047327555,False,False,False
2024-07-11 00:00:00+00:00,0,0,0,0.0,0.0,False,False,False
2024-07-12 00:00:00+00:00,1,1,0,0.05001980344117618,0.05001980344117618,False,False,False
2024-07-13 00:00:00+00:00,1,1,0,-0.5985398653258094,-0.5985398653258094,False,False,False
2024-07-14 00:00:00+00:00,0,0,0,0.0,0.0,False,False,False
2024-07-15 00:00:00+00:00,0,0,0,0.0,0.0,False,False,False
2024-07-16 00:00:00+00:00,3,3,0,2.564975248129136,2.564975248129136,True,False,False
2024-07-17 00:00:00+00:00,1,1,0,0.6502221791173739,0.6502221791173739,False,False,False
2024-07-18 00:00:00+00:00,3,3,0,-0.5796162624735512,-0.5796162624735512,False,False,False
2024-07-19 00:00:00+00:00,1,1,0,-1.1530787611090745,-1.1530787611090745,False,False,False
2024-07-20 00:00:00+00:00,0,0,0,0.0,0.0,False,False,False
2024-07-21 00:00:00+00:00,3,3,0,1.4156562166756508,1.4156562166756508,False,False,False
2024-07-22 00:00:00+00:00,0,0,0,0.0,0.0,False,False,False
2024-07-23 00:00:00+00:00,1,1,0,0.44310633623228685,0.44310633623228685,False,False,False
2024-07-24 00:00:00+00:00,3,3,0,-0.017533156654492288,-0.017533156654492288,False,False,False
2024-07-25 00:00:00+00:00,0,0,0,0.0,0.0,False,False,False
2024-07-26 00:00:00+00:00,1,1,0,0.10802136770255014,0.10802136770255014,False,False,False
2024-07-27 00:00:00+00:00,2,2,0,-1.352552316012447,-1.352552316012447,False,False,False
2024-07-28 00:00:00+00:00,0,0,0,0.0,0.0,False,False,False
2024-07-29 00:00:00+00:00,2,2,0,-1.268240808259596,-1.268240808259596,False,False,False
2024-07-30 00:00:00+00:00,0,0,0,0.0,0.0,False,False,False
2024-07-31 00:00:00+00:00,1,1,0,1.877557666429794,1.877557666429794,False,False,False
2024-08-01 00:00:00+00:00,0,0,0,0.0,0.0,False,False,False
2024-08-02 00:00:00+00:00,3,3,0,0.012637282793887095,0.012637282793887095,False,False,False
2024-08-03 00:00:00+00:00,0,0,0,0.0,0.0,False,False,False
2024-08-04 00:00:00+00:00,1,1,0,1.8944612404387147,1.8944612404387147,False,False,False
2024-08-05 00:00:00+00:00,0,0,0,0.0,0.0,False,False,False
2024-08-06 00:00:00+00:00,0,0,0,0.0,0.0,False,False,False
2024-08-07 00:00:00+00:00,1,1,0,0.5729616433079163,0.5729616433079163,False,False,False
2024-08-08 00:00:00+00:00,1,1,0,1.2267267149755472,1.2267267149755472,False,False,False
2024-08-09 00:00:00+00:00,0,0,0,0.0,0.0,False,False,False
2024-08-10 00:00:00+00:00,0,0,0,0.0,0.0,False,False,False
2024-08-11 00:00:00+00:00,0,0,0,0.0,0.0,False,False,False
2024-08-12 00:00:00+00:00,2,2,0,-0.13252988641626723,-0.13252988641626723,False,False,False
2024-08-13 00:00:00+00:00,1,1,0,0.12565102270558143,0.12565102270558143,False,False,False
2024-08-14 00:00:00+00:00,3,3,0,-2.3913585889420825,-2.3913585889420825,False,False,False
2024-08-15 00:00:00+00:00,1,1,0,-1.1440492408396306,-1.1440492408396306,False,False,False
2024-08-16 00:00:00+00:00,0,0,0,0.0,0.0,False,False,False
2024-08-17 00:00:00+00:00,0,0,0,0.0,0.0,False,False,False
2024-08-18 00:00:00+00:00,0,0,0,0.0,0.0,False,False,False
2024-08-19 00:00:00+00:00,1,1,0,0.06448018909962236,0.06448018909962236,False,False,False
2024-08-20 00:00:00+00:00,2,2,0,-0.820106105842058,-0.820106105842058,False,False,False
2024-08-21 00:00:00+00:00,1,1,0,1.660680943492929,1.660680943492929,False,False,False
2024-08-22 00:00:00+00:00,1,1,0,0.4644597639417194,0.4644597639417194,False,False,False
2024-08-23 00:00:00+00:00,0,0,0,0.0,0.0,False,False,False
2024-08-24 00:00:00+00:00,0,0,0,0.0,0.0,False,False,False
2024-08-25 00:00:00+00:00,1,1,0,-0.47007256152332777,-0.47007256152332777,False,False,False
2024-08-26 00:00:00+00:00,0,0,0,0.0,0.0,False,False,False
2024-08-27 00:00:00+00:00,0,0,0,0.0,0.0,False,False,False
2024-08-28 00:00:00+00:00,0,0,0,0.0,0.0,False,False,False
2024-08-29 00:00:00+00:00,3,3,0,3.943217009222717,3.943217009222717,True,True,False
2024-08-30 00:00:00+00:00,0,0,0,0.0,0.0,False,False,False
2024-08-31 00:00:00+00:00,0,0,0,0.0,0.0,False,False,False
2024-09-01 00:00:00+00:00,0,0,0,0.0,0.0,False,False,False
2024-09-02 00:00:00+00:00,0,0,0,0.0,0.0,False,False,False
2024-09-03 00:00:00+00:00,2,2,0,0.9088690924379474,0.9088690924379474,False,False,False
2024-09-04 00:00:00+00:00,1,1,0,-0.12560694118532156,-0.12560694118532156,False,False,False
2024-09-05 00:00:00+00:00,2,2,0,0.7820918117632845,0.7820918117632845,False,False,False
2024-09-06 00:00:00+00:00,0,0,0,0.0,0.0,False,False,False
2024-09-07 00:00:00+00:00,1,1,0,0.5881450091190793,0.5881450091190793,False,False,False
2024-09-08 00:00:00+00:00,2,2,0,-1.9839662658700816,-1.9839662658700816,False,False,False
2024-09-09 00:00:00+00:00,0,0,0,0.0,0.0,False,False,False
2024-09-10 00:00:00+00:00,0,0,0,0.0,0.0,False,False,False
2024-09-11 00:00:00+00:00,3,3,0,2.4484494410566175,2.4484494410566175,True,False,False
2024-09-12 00:00:00+00:00,0,0,0,0.0,0.0,False,False,False
2024-09-13 00:00:00+00:00,0,0,0,0.0,0.0,False,False,False
2024-09-14 00:00:00+00:00,0,0,0,0.0,0.0,False,False,False
2024-09-15 00:00:00+00:00,0,0,0,0.0,0.0,False,False,False
2024-09-16 00:00:00+00:00,0,0,0,0.0,0.0,False,False,False
2024-09-17 00:00:00+00:00,2,2,0,-0.8877920046769183,-0.8877920046769183,False,False,False
2024-09-18 00:00:00+00:00,2,2,0,2.3470413272054533,2.3470413272054533,True,False,False
2024-09-19 00:00:00+00:00,0,0,0,0.0,0.0,False,False,False
2024-09-20 00:00:00+00:00,3,3,0,-0.9423843811357241,-0.9423843811357241,False,False,False
2024-09-21 00:00:00+00:00,0,0,0,0.0,0.0,False,False,False
2024-09-22 00:00:00+00:00,1,1,0,0.4343797565360963,0.4343797565360963,False,False,False
2024-09-23 00:00:00+00:00,0,0,0,0.0,0.0,False,False,False
2024-09-24 00:00:00+00:00,0,0,0,0.0,0.0,False,False,False
2024-09-25 00:00:00+00:00,1,1,0,-1.1903164003642468,-1.1903164003642468,False,False,False
2024-09-26 00:00:00+00:00,1,1,0,0.5579790164457544,0.5579790164457544,False,False,False
2024-09-27 00:00:00+00:00,0,0,0,0.0,0.0,False,False,False
2024-09-28 00:00:00+00:00,1,1,0,-0.6188956946484805,-0.6188956946484805,False,False,False
2024-09-29 00:00:00+00:00,0,0,0,0.0,0.0,False,False,False
2024-09-30 00:00:00+00:00,0,0,0,0.0,0.0,False,False,False
2024-10-01 00:00:00+00:00,0,0,0,0.0,0.0,False,False,False
2024-10-02 00:00:00+00:00,1,1,0,0.9670554077777025,0.9670554077777025,False,False,False
2024-10-03 00:00:00+00:00,1,1,0,-0.3106351812695967,-0.3106351812695967,False,False,False
2024-10-04 00:00:00+00:00,2,2,0,-2.1311352614714805,-2.1311352614714805,False,False,False
2024-10-05 00:00:00+00:00,0,0,0,0.0,0.0,False,False,False
2024-10-06 00:00:00+00:00,0,0,0,0.0,0.0,False,False,False
2024-10-07 00:00:00+00:00,1,1,0,1.8392167404597548,1.8392167404597548,False,False,False
2024-10-08 00:00:00+00:00,1,1,0,-0.4262458510336069,-0.4262458510336069,False,False,False
2024-10-09 00:00:00+00:00,1,1,0,0.5523275721147232,0.5523275721147232,False,False,False
2024-10-10 00:00:00+00:00,2,2,0,1.803503443277213,1.803503443277213,False,False,False
2024-10-11 00:00:00+00:00,2,2,0,-1.2773359803477446,-1.2773359803477446,False,False,False
2024-10-12 00:00:00+00:00,0,0,0,0.0,0.0,False,False,False
2024-10-13 00:00:00+00:00,4,4,0,-3.7433265789363794,-3.7433265789363794,False,False,False
2024-10-14 00:00:00+00:00,0,0,0,0.0,0.0,False,False,False
2024-10-15 00:00:00+00:00,2,2,0,0.16120613577957202,0.16120613577957202,False,False,False
2024-10-16 00:00:00+00:00,0,0,0,0.0,0.0,False,False,False
2024-10-17 00:00:00+00:00,1,1,0,-0.5267846384981016,-0.5267846384981016,False,False,False
2024-10-18 00:00:00+00:00,0,0,0,0.0,0.0,False,False,False
2024-10-19 00:00:00+00:00,0,0,0,0.0,0.0,False,False,False
2024-10-20 00:00:00+00:00,0,0,0,0.0,0.0,False,False,False
2024-10-21 00:00:00+00:00,2,2,0,-1.1643182277520057,-1.1643182277520057,False,False,False
2024-10-22 00:00:00+00:00,0,0,0,0.0,0.0,False,False,False
2024-10-23 00:00:00+00:00,0,0,0,0.0,0.0,False,False,False
2024-10-24 00:00:00+00:00,0,0,0,0.0,0.0,False,False,False
2024-10-25 00:00:00+00:00,3,3,0,-0.32040838479370193,-0.32040838479370193,False,False,False
2024-10-26 00:00:00+00:00,0,0,0,0.0,0.0,False,False,False
2024-10-27 00:00:00+00:00,1,1,0,-0.6565729877950296,-0.6565729877950296,False,False,False
2024-10-28 00:00:00+00:00,0,0,0,0.0,0.0,False,False,False
2024-10-29 00:00:00+00:00,0,0,0,0.0,0.0,False,False,False
2024-10-30 00:00:00+00:00,1,1,0,-0.4160661687450855,-0.4160661687450855,False,False,False
2024-10-31 00:00:00+00:00,0,0,0,0.0,0.0,False,False,False
2024-11-01 00:00:00+00:00,0,0,0,0.0,0.0,False,False,False
2024-11-02 00:00:00+00:00,1,1,0,0.2068808831274783,0.2068808831274783,False,False,False
2024-11-03 00:00:00+00:00,1,1,0,-0.06332596268680891,-0.06332596268680891,False,False,False
2024-11-04 00:00:00+00:00,3,3,0,0.03612382439042974,0.03612382439042974,False,False,False
2024-11-05 00:00:00+00:00,0,0,0,0.0,0.0,False,False,False
2024-11-06 00:00:00+00:00,0,0,0,0.0,0.0,False,False,False
2024-11-07 00:00:00+00:00,1,1,0,0.4228734462981585,0.4228734462981585,False,False,False
2024-11-08 00:00:00+00:00,0,0,0,0.0,0.0,False,False,False
2024-11-09 00:00:00+00:00,0,0,0,0.0,0.0,False,False,False
2024-11-10 00:00:00+00:00,0,0,0,0.0,0.0,False,False,False
2024-11-11 00:00:00+00:00,0,0,0,0.0,0.0,False,False,False
2024-11-12 00:00:00+00:00,1,1,0,-0.8009577271197934,-0.8009577271197934,False,False,False
2024-11-13 00:00:00+00:00,0,0,0,0.0,0.0,False,False,False
2024-11-14 00:00:00+00:00,2,2,0,-0.7613288347652587,-0.7613288347652587,False,False,False
2024-11-15 00:00:00+00:00,1,1,0,0.36403505193077773,0.36403505193077773,False,False,False
2024-11-16 00:00:00+00:00,0,0,0,0.0,0.0,False,False,False
2024-11-17 00:00:00+00:00,1,1,0,0.03230806397112457,0.03230806397112457,False,False,False
2024-11-18 00:00:00+00:00,3,3,0,3.542942800840223,3.542942800840223,True,True,False
2024-11-19 00:00:00+00:00,0,0,0,0.0,0.0,False,False,False
2024-11-20 00:00:00+00:00,0,0,0,0.0,0.0,False,False,False
2024-11-21 00:00:00+00:00,0,0,0,0.0,0.0,False,False,False
2024-11-22 00:00:00+00:00,2,2,0,0.4144396200437383,0.4144396200437383,False,False,False
2024-11-23 00:00:00+00:00,0,0,0,0.0,0.0,False,False,False
2024-11-24 00:00:00+00:00,0,0,0,0.0,0.0,False,False,False
2024-11-25 00:00:00+00:00,2,2,0,-0.07630339100689598,-0.07630339100689598,False,False,False
2024-11-26 00:00:00+00:00,1,1,0,1.6291572791569588,1.6291572791569588,False,False,False
2024-11-27 00:00:00+00:00,2,2,0,-0.6009289327807532,-0.6009289327807532,False,False,False
2024-11-28 00:00:00+00:00,0,0,0,0.0,0.0,False,False,False
2024-11-29 00:00:00+00:00,0,0,0,0.0,0.0,False,False,False
2024-11-30 00:00:00+00:00,0,0,0,0.0,0.0,False,False,False
2024-12-01 00:00:00+00:00,1,1,0,-0.10275551587641737,-0.10275551587641737,False,False,False
2024-12-02 00:00:00+00:00,1,1,0,0.5514820213425605,0.5514820213425605,False,False,False
2024-12-03 00:00:00+00:00,1,1,0,-0.37321587076782087,-0.37321587076782087,False,False,False
2024-12-04 00:00:00+00:00,1,1,0,1.9037369874812815,1.9037369874812815,False,False,False
2024-12-05 00:00:00+00:00,2,2,0,-0.8443742641675825,-0.8443742641675825,False,False,False
2024-12-06 00:00:00+00:00,0,0,0,0.0,0.0,False,False,False
2024-12-07 00:00:00+00:00,0,0,0,0.0,0.0,False,False,False
2024-12-08 00:00:00+00:00,2,2,0,1.2366429365970828,1.2366429365970828,False,False,False
2024-12-09 00:00:00+00:00,0,0,0,0.0,0.0,False,False,False
2024-12-10 00:00:00+00:00,0,0,0,0.0,0.0,False,False,False
2024-12-11 00:00:00+00:00,1,1,0,-1.0797826824221604,-1.0797826824221604,False,False,False
2024-12-12 00:00:00+00:00,1,1,0,-0.23320225969061434,-0.23320225969061434,False,False,False
2024-12-13 00:00:00+00:00,0,0,0,0.0,0.0,False,False,False
2024-12-14 00:00:00+00:00,1,1,0,0.528399731482959,0.528399731482959,False,False,False
2024-12-15 00:00:00+00:00,0,0,0,0.0,0.0,False,False,False
2024-12-16 00:00:00+00:00,0,0,0,0.0,0.0,False,False,False
2024-12-17 00:00:00+00:00,0,0,0,0.0,0.0,False,False,False
2024-12-18 00:00:00+00:00,1,1,0,-0.16239349133490683,-0.16239349133490683,False,False,False
2024-12-19 00:00:00+00:00,0,0,0,0.0,0.0,False,False,False
2024-12-20 00:00:00+00:00,1,1,0,1.930795805411135,1.930795805411135,False,False,False
2024-12-21 00:00:00+00:00,3,3,0,1.4541674549760257,1.4541674549760257,False,False,False
2024-12-22 00:00:00+00:00,1,1,0,-1.1231799092325512,-1.1231799092325512,False,False,False
2024-12-23 00:00:00+00:00,1,1,0,1.1418489539230194,1.1418489539230194,False,False,False
2024-12-24 00:00:00+00:00,3,3,0,1.10038655470787,1.10038655470787,False,False,False
2024-12-25 00:00:00+00:00,0,0,0,0.0,0.0,False,False,False
2024-12-26 00:00:00+00:00,1,1,0,-0.06718896368969557,-0.06718896368969557,False,False,False
2024-12-27 00:00:00+00:00,0,0,0,0.0,0.0,False,False,False
2024-12-28 00:00:00+00:00,0,0,0,0.0,0.0,False,False,False
2024-12-29 00:00:00+00:00,0,0,0,0.0,0.0,False,False,False
2024-12-30 00:00:00+00:00,0,0,0,0.0,0.0,False,False,False
2024-12-31 00:00:00+00:00,0,0,0,0.0,0.0,False,False,False
2025-01-01 00:00:00+00:00,0,0,0,0.0,0.0,False,False,False
2025-01-02 00:00:00+00:00,0,0,0,0.0,0.0,False,False,False
2025-01-03 00:00:00+00:00,0,0,0,0.0,0.0,False,False,False
2025-01-04 00:00:00+00:00,0,0,0,0.0,0.0,False,False,False
2025-01-05 00:00:00+00:00,2,2,0,3.4006588944590037,3.4006588944590037,True,True,False
2025-01-06 00:00:00+00:00,0,0,0,0.0,0.0,False,False,False
2025-01-07 00:00:00+00:00,2,2,0,0.1106555391477517,0.1106555391477517,False,False,False
2025-01-08 00:00:00+00:00,0,0,0,0.0,0.0,False,False,False
2025-01-09 00:00:00+00:00,0,0,0,0.0,0.0,False,False,False
2025-01-10 00:00:00+00:00,2,2,0,-0.9881466363707696,-0.9881466363707696,False,False,False
2025-01-11 00:00:00+00:00,0,0,0,0.0,0.0,False,False,False
2025-01-12 00:00:00+00:00,2,2,0,1.4824042597681482,1.4824042597681482,False,False,False
2025-01-13 00:00:00+00:00,0,0,0,0.0,0.0,False,False,False
2025-01-14 00:00:00+00:00,0,0,0,0.0,0.0,False,False,False
2025-01-15 00:00:00+00:00,0,0,0,0.0,0.0,False,False,False
2025-01-16 00:00:00+00:00,0,0,0,0.0,0.0,False,False,False
2025-01-17 00:00:00+00:00,0,0,0,0.0,0.0,False,False,False
2025-01-18 00:00:00+00:00,0,0,0,0.0,0.0,False,False,False
2025-01-19 00:00:00+00:00,0,0,0,0.0,0.0,False,False,False
2025-01-20 00:00:00+00:00,1,1,0,-0.04425090746178798,-0.04425090746178798,False,False,False
2025-01-21 00:00:00+00:00,0,0,0,0.0,0.0,False,False,False
2025-01-22 00:00:00+00:00,0,0,0,0.0,0.0,False,False,False
2025-01-23 00:00:00+00:00,1,1,0,-1.0531781595585188,-1.0531781595585188,False,False,False
2025-01-24 00:00:00+00:00,0,0,0,0.0,0.0,False,False,False
2025-01-25 00:00:00+00:00,0,0,0,0.0,0.0,False,False,False
2025-01-26 00:00:00+00:00,0,0,0,0.0,0.0,False,False,False
2025-01-27 00:00:00+00:00,0,0,0,0.0,0.0,False,False,False
2025-01-28 00:00:00+00:00,2,2,0,-0.45521807674550135,-0.45521807674550135,False,False,False
2025-01-29 00:00:00+00:00,0,0,0,0.0,0.0,False,False,False
2025-01-30 00:00:00+00:00,0,0,0,0.0,0.0,False,False,False
2025-01-31 00:00:00+00:00,0,0,0,0.0,0.0,False,False,False
2025-02-01 00:00:00+00:00,0,0,0,0.0,0.0,False,False,False
2025-02-02 00:00:00+00:00,0,0,0,0.0,0.0,False,False,False
2025-02-03 00:00:00+00:00,0,0,0,0.0,0.0,False,False,False
2025-02-04 00:00:00+00:00,2,2,0,0.4972780732236801,0.4972780732236801,False,False,False
2025-02-05 00:00:00+00:00,0,0,0,0.0,0.0,False,False,False
2025-02-06 00:00:00+00:00,1,1,0,-0.3491114630794723,-0.3491114630794723,False,False,False
2025-02-07 00:00:00+00:00,2,2,0,0.2091177133519797,0.2091177133519797,False,False,False
2025-02-08 00:00:00+00:00,0,0,0,0.0,0.0,False,False,False
2025-02-09 00:00:00+00:00,0,0,0,0.0,0.0,False,False,False
2025-02-10 00:00:00+00:00,0,0,0,0.0,0.0,False,False,False
2025-02-11 00:00:00+00:00,1,1,0,-0.46471093051362977,-0.46471093051362977,False,False,False
2025-02-12 00:00:00+00:00,0,0,0,0.0,0.0,False,False,False
2025-02-13 00:00:00+00:00,0,0,0,0.0,0.0,False,False,False
2025-02-14 00:00:00+00:00,0,0,0,0.0,0.0,False,False,False
2025-02-15 00:00:00+00:00,0,0,0,0.0,0.0,False,False,False
2025-02-16 00:00:00+00:00,0,0,0,0.0,0.0,False,False,False
2025-02-17 00:00:00+00:00,0,0,0,0.0,0.0,False,False,False
2025-02-18 00:00:00+00:00,0,0,0,0.0,0.0,False,False,False
2025-02-19 00:00:00+00:00,1,1,0,-0.7824549456222022,-0.7824549456222022,False,False,False
2025-02-20 00:00:00+00:00,0,0,0,0.0,0.0,False,False,False
2025-02-21 00:00:00+00:00,3,3,0,0.48589353366392596,0.48589353366392596,False,False,False
2025-02-22 00:00:00+00:00,0,0,0,0.0,0.0,False,False,False
2025-02-23 00:00:00+00:00,0,0,0,0.0,0.0,False,False,False
2025-02-24 00:00:00+00:00,0,0,0,0.0,0.0,False,False,False
2025-02-25 00:00:00+00:00,0,0,0,0.0,0.0,False,False,False
2025-02-26 00:00:00+00:00,0,0,0,0.0,0.0,False,False,False
2025-02-27 00:00:00+00:00,0,0,0,0.0,0.0,False,False,False
2025-02-28 00:00:00+00:00,0,0,0,0.0,0.0,False,False,False
2025-03-01 00:00:00+00:00,0,0,0,0.0,0.0,False,False,False
2025-03-02 00:00:00+00:00,0,0,0,0.0,0.0,False,False,False
2025-03-03 00:00:00+00:00,0,0,0,0.0,0.0,False,False,False
2025-03-04 00:00:00+00:00,0,0,0,0.0,0.0,False,False,False
2025-03-05 00:00:00+00:00,0,0,0,0.0,0.0,False,False,False
2025-03-06 00:00:00+00:00,1,1,0,-1.0453151073516593,-1.0453151073516593,False,False,False
2025-03-07 00:00:00+00:00,1,1,0,0.17451873790550115,0.17451873790550115,False,False,False
2025-03-08 00:00:00+00:00,0,0,0,0.0,0.0,False,False,False
2025-03-09 00:00:00+00:00,0,0,0,0.0,0.0,False,False,False
2025-03-10 00:00:00+00:00,2,2,0,-1.127999785077284,-1.127999785077284,False,False,False
2025-03-11 00:00:00+00:00,1,1,0,-1.0681394594270763,-1.0681394594270763,False,False,False
2025-03-12 00:00:00+00:00,0,0,0,0.0,0.0,False,False,False
2025-03-13 00:00:00+00:00,1,1,0,-0.3736298938784459,-0.3736298938784459,False,False,False
2025-03-14 00:00:00+00:00,0,0,0,0.0,0.0,False,False,False
2025-03-15 00:00:00+00:00,0,0,0,0.0,0.0,False,False,False
2025-03-16 00:00:00+00:00,1,1,0,1.8805575284561962,1.8805575284561962,False,False,False
2025-03-17 00:00:00+00:00,1,1,0,-0.1829597063658293,-0.1829597063658293,False,False,False
2025-03-18 00:00:00+00:00,0,0,0,0.0,0.0,False,False,False
2025-03-19 00:00:00+00:00,1,1,0,-1.1438134202300645,-1.1438134202300645,False,False,False
2025-03-20 00:00:00+00:00,0,0,0,0.0,0.0,False,False,False
2025-03-21 00:00:00+00:00,0,0,0,0.0,0.0,False,False,False
2025-03-22 00:00:00+00:00,0,0,0,0.0,0.0,False,False,False
2025-03-23 00:00:00+00:00,0,0,0,0.0,0.0,False,False,False
2025-03-24 00:00:00+00:00,0,0,0,0.0,0.0,False,False,False
2025-03-25 00:00:00+00:00,0,0,0,0.0,0.0,False,False,False
2025-03-26 00:00:00+00:00,0,0,0,0.0,0.0,False,False,False
2025-03-27 00:00:00+00:00,0,0,0,0.0,0.0,False,False,False
2025-03-28 00:00:00+00:00,0,0,0,0.0,0.0,False,False,False
2025-03-29 00:00:00+00:00,0,0,0,0.0,0.0,False,False,False
2025-03-30 00:00:00+00:00,0,0,0,0.0,0.0,False,False,False
2025-03-31 00:00:00+00:00,2,2,0,-0.9137984801274728,-0.9137984801274728,False,False,False
2025-04-01 00:00:00+00:00,0,0,0,0.0,0.0,False,False,False
2025-04-02 00:00:00+00:00,0,0,0,0.0,0.0,False,False,False
2025-04-03 00:00:00+00:00,1,1,0,0.14198803565277657,0.14198803565277657,False,False,False
2025-04-04 00:00:00+00:00,1,1,0,0.3193880123681865,0.3193880123681865,False,False,False
2025-04-05 00:00:00+00:00,0,0,0,0.0,0.0,False,False,False
2025-04-06 00:00:00+00:00,0,0,0,0.0,0.0,False,False,False
2025-04-07 00:00:00+00:00,1,1,0,-0.063372309511835,-0.063372309511835,False,False,False
2025-04-08 00:00:00+00:00,1,1,0,1.3469954413822793,1.3469954413822793,False,False,False
2025-04-09 00:00:00+00:00,0,0,0,0.0,0.0,False,False,False
2025-04-10 00:00:00+00:00,0,0,0,0.0,0.0,False,False,False
2025-04-11 00:00:00+00:00,0,0,0,0.0,0.0,False,False,False
2025-04-12 00:00:00+00:00,0,0,0,0.0,0.0,False,False,False
2025-04-13 00:00:00+00:00,2,2,0,-1.3401472300304196,-1.3401472300304196,False,False,False
2025-04-14 00:00:00+00:00,0,0,0,0.0,0.0,False,False,False
2025-04-15 00:00:00+00:00,0,0,0,0.0,0.0,False,False,False
2025-04-16 00:00:00+00:00,1,1,0,0.0030075325332700187,0.0030075325332700187,False,False,False
2025-04-17 00:00:00+00:00,0,0,0,0.0,0.0,False,False,False
2025-04-18 00:00:00+00:00,0,0,0,0.0,0.0,False,False,False
2025-04-19 00:00:00+00:00,0,0,0,0.0,0.0,False,False,False
2025-04-20 00:00:00+00:00,0,0,0,0.0,0.0,False,False,False
2025-04-21 00:00:00+00:00,0,0,0,0.0,0.0,False,False,False
2025-04-22 00:00:00+00:00,0,0,0,0.0,0.0,False,False,False
2025-04-23 00:00:00+00:00,0,0,0,0.0,0.0,False,False,False
2025-04-24 00:00:00+00:00,0,0,0,0.0,0.0,False,False,False
2025-04-25 00:00:00+00:00,0,0,0,0.0,0.0,False,False,False
2025-04-26 00:00:00+00:00,0,0,0,0.0,0.0,False,False,False
2025-04-27 00:00:00+00:00,0,0,0,0.0,0.0,False,False,False
2025-04-28 00:00:00+00:00,0,0,0,0.0,0.0,False,False,False
2025-04-29 00:00:00+00:00,0,0,0,0.0,0.0,False,False,False
2025-04-30 00:00:00+00:00,1,1,0,-0.0901349231524629,-0.0901349231524629,False,False,False
2025-05-01 00:00:00+00:00,0,0,0,0.0,0.0,False,False,False
2025-05-02 00:00:00+00:00,0,0,0,0.0,0.0,False,False,False
2025-05-03 00:00:00+00:00,0,0,0,0.0,0.0,False,False,False
2025-05-04 00:00:00+00:00,0,0,0,0.0,0.0,False,False,False
2025-05-05 00:00:00+00:00,0,0,0,0.0,0.0,False,False,False
2025-05-06 00:00:00+00:00,0,0,0,0.0,0.0,False,False,False
2025-05-07 00:00:00+00:00,0,0,0,0.0,0.0,False,False,False
2025-05-08 00:00:00+00:00,0,0,0,0.0,0.0,False,False,False
2025-05-09 00:00:00+00:00,0,0,0,0.0,0.0,False,False,False
2025-05-10 00:00:00+00:00,0,0,0,0.0,0.0,False,False,False
2025-05-11 00:00:00+00:00,0,0,0,0.0,0.0,False,False,False
2025-05-12 00:00:00+00:00,0,0,0,0.0,0.0,False,False,False
2025-05-13 00:00:00+00:00,0,0,0,0.0,0.0,False,False,False
2025-05-14 00:00:00+00:00,0,0,0,0.0,0.0,False,False,False
2025-05-15 00:00:00+00:00,1,1,0,-0.2229648270298045,-0.2229648270298045,False,False,False
2025-05-16 00:00:00+00:00,0,0,0,0.0,0.0,False,False,False
2025-05-17 00:00:00+00:00,0,0,0,0.0,0.0,False,False,False
2025-05-18 00:00:00+00:00,0,0,0,0.0,0.0,False,False,False
2025-05-19 00:00:00+00:00,1,1,0,0.3328204380551865,0.3328204380551865,False,False,False
2025-05-20 00:00:00+00:00,0,0,0,0.0,0.0,False,False,False
2025-05-21 00:00:00+00:00,0,0,0,0.0,0.0,False,False,False
2025-05-22 00:00:00+00:00,0,0,0,0.0,0.0,False,False,False
2025-05-23 00:00:00+00:00,0,0,0,0.0,0.0,False,False,False
2025-05-24 00:00:00+00:00,0,0,0,0.0,0.0,False,False,False
2025-05-25 00:00:00+00:00,0,0,0,0.0,0.0,False,False,False
2025-05-26 00:00:00+00:00,0,0,0,0.0,0.0,False,False,False
2025-05-27 00:00:00+00:00,0,0,0,0.0,0.0,False,False,False
2025-05-28 00:00:00+00:00,0,0,0,0.0,0.0,False,False,False
2025-05-29 00:00:00+00:00,0,0,0,0.0,0.0,False,False,False
2025-05-30 00:00:00+00:00,0,0,0,0.0,0.0,False,False,False
2025-05-31 00:00:00+00:00,0,0,0,0.0,0.0,False,False,False
2025-06-01 00:00:00+00:00,0,0,0,0.0,0.0,False,False,False
2025-06-02 00:00:00+00:00,0,0,0,0.0,0.0,False,False,False
2025-06-03 00:00:00+00:00,0,0,0,0.0,0.0,False,False,False
2025-06-04 00:00:00+00:00,0,0,0,0.0,0.0,False,False,False
2025-06-05 00:00:00+00:00,0,0,0,0.0,0.0,False,False,False
2025-06-06 00:00:00+00:00,0,0,0,0.0,0.0,False,False,False
2025-06-07 00:00:00+00:00,1,1,0,-0.13095393791098384,-0.13095393791098384,False,False,False
2025-06-08 00:00:00+00:00,0,0,0,0.0,0.0,False,False,False
2025-06-09 00:00:00+00:00,0,0,0,0.0,0.0,False,False,False
2025-06-10 00:00:00+00:00,0,0,0,0.0,0.0,False,False,False
2025-06-11 00:00:00+00:00,0,0,0,0.0,0.0,False,False,False
2025-06-12 00:00:00+00:00,0,0,0,0.0,0.0,False,False,False
2025-06-13 00:00:00+00:00,1,1,0,-0.3268703750427998,-0.3268703750427998,False,False,False
2025-06-14 00:00:00+00:00,0,0,0,0.0,0.0,False,False,False
2025-06-15 00:00:00+00:00,0,0,0,0.0,0.0,False,False,False
2025-06-16 00:00:00+00:00,0,0,0,0.0,0.0,False,False,False
2025-06-17 00:00:00+00:00,3,3,0,1.1623732900892412,1.1623732900892412,False,False,False
2025-06-18 00:00:00+00:00,0,0,0,0.0,0.0,False,False,False
2025-06-19 00:00:00+00:00,0,0,0,0.0,0.0,False,False,False
2025-06-20 00:00:00+00:00,3,3,0,-0.37788113046041677,-0.37788113046041677,False,False,False
2025-06-21 00:00:00+00:00,0,0,0,0.0,0.0,False,False,False
2025-06-22 00:00:00+00:00,0,0,0,0.0,0.0,False,False,False
2025-06-23 00:00:00+00:00,3,3,0,-0.056443961417316585,-0.056443961417316585,False,False,False
2025-06-24 00:00:00+00:00,0,0,0,0.0,0.0,False,False,False
2025-06-25 00:00:00+00:00,0,0,0,0.0,0.0,False,False,False
2025-06-26 00:00:00+00:00,1,1,0,-1.1142453989939975,-1.1142453989939975,False,False,False
2025-06-27 00:00:00+00:00,0,0,0,0.0,0.0,False,False,False
2025-06-28 00:00:00+00:00,0,0,0,0.0,0.0,False,False,False
2025-06-29 00:00:00+00:00,0,0,0,0.0,0.0,False,False,False
2025-06-30 00:00:00+00:00,0,0,0,0.0,0.0,False,False,False
