layer,feature,rows,finite_count,missing_count,finite_fraction,missing_fraction,missing_rate,minimum,median,std,maximum
sequence,log_return_side,519898,519898,0,1.0,0.0,0.0,-0.10414502769708633,-2.8117186957388185e-05,0.00216290314024905,0.06232829764485359
sequence,cumulative_return_side,519898,519898,0,1.0,0.0,0.0,-0.16981157660484314,-0.0005410169542301446,0.00818211149160653,0.1426108330488205
sequence,range_bps,519898,519898,0,1.0,0.0,0.0,0.0,19.272632598876953,24.596538345988506,1409.3878173828125
sequence,body_bps_side,519898,519898,0,1.0,0.0,0.0,-989.0520629882812,-0.2835444062948227,21.612508268057372,643.6505126953125
sequence,lower_wick_fraction,519898,519882,16,0.9999692247325437,3.0775267456317756e-05,3.0775267456317756e-05,0.0,0.19779840111732483,0.22694789105142235,1.0
sequence,upper_wick_fraction,519898,519882,16,0.9999692247325437,3.0775267456317756e-05,3.0775267456317756e-05,0.0,0.18828332424163818,0.22358380672317305,1.0
sequence,volume_log_ratio_24,519898,519898,0,1.0,0.0,0.0,-5.375915050506592,0.007371516665443778,0.6214516075889259,4.581047534942627
sequence,quote_volume_log_ratio_24,519898,519898,0,1.0,0.0,0.0,-16.07217788696289,0.007403774652630091,0.6332165922819855,4.630123138427734
sequence,trade_count_log_ratio_24,519898,519898,0,1.0,0.0,0.0,-8.847428321838379,0.002996089868247509,0.4786672170306767,3.752424955368042
sequence,taker_imbalance_side,519898,519882,16,0.9999692247325437,3.0775267456317756e-05,3.0775267456317756e-05,-0.952532947063446,-0.006050155032426119,0.21971573064990021,0.9714486002922058
sequence,taker_imbalance_mean_3_side,519898,519882,16,0.9999692247325437,3.0775267456317756e-05,3.0775267456317756e-05,-0.8188183903694153,-0.006247611017897725,0.14045954898829582,0.7797039747238159
sequence,taker_imbalance_delta_side,519898,519882,16,0.9999692247325437,3.0775267456317756e-05,3.0775267456317756e-05,-1.6414185762405396,0.0005637268768623471,0.29012885448572234,1.7842967510223389
sequence,realized_vol_12,519898,519898,0,1.0,0.0,0.0,3.8510747368825093e-10,0.0013695659581571817,0.0013159007716040218,0.03975943475961685
sequence,activity_ratio,519898,519898,0,1.0,0.0,0.0,1.191096856700824e-07,0.9407343864440918,0.4647184939127853,4.971965789794922
sequence,channel_position_side,519898,519822,76,0.9998538174795826,0.00014618252041742608,0.00014618252041742608,-8.41075325012207,0.09368252381682396,0.44795653627871285,6.8229851722717285
sequence,distance_adverse_rail_bps,519898,519822,76,0.9998538174795826,0.00014618252041742608,0.00014618252041742608,-1899.0986328125,18.035478591918945,124.57802742110978,1501.0677490234375
sequence,distance_mid_bps_side,519898,519822,76,0.9998538174795826,0.00014618252041742608,0.00014618252041742608,-2086.291748046875,-83.58874130249023,141.54229841817894,1212.664306640625
sequence,distance_favourable_rail_bps,519898,519822,76,0.9998538174795826,0.00014618252041742608,0.00014618252041742608,-864.11376953125,202.40816497802734,204.26155031454698,2469.160400390625
sequence,pre_window_mask,519898,519898,0,1.0,0.0,0.0,0.0,1.0,0.470276421069072,1.0
sequence,active_window_mask,519898,519898,0,1.0,0.0,0.0,0.0,0.0,0.470276421069072,1.0
sequence,bar_complete,519898,519898,0,1.0,0.0,0.0,1.0,1.0,0.0,1.0
sequence,cadence_gap,519898,519898,0,1.0,0.0,0.0,0.0,0.0,0.0,0.0
context,side_sign,171658,171658,0,1.0,0.0,0.0,-1.0,1.0,0.9954758880696795,1.0
context,window_reason_code,171658,171658,0,1.0,0.0,0.0,0.0,0.0,0.49773794403483973,1.0
context,window_age_fraction,171658,171658,0,1.0,0.0,0.0,0.0833333358168602,0.5,0.2876557688996563,1.0
context,time_remaining_fraction,171658,171658,0,1.0,0.0,0.0,0.0,0.5,0.28765576911987006,0.9166666865348816
context,channel_regime_age_hours,171658,171658,0,1.0,0.0,0.0,1.0,40.0,41.09131569347918,286.0
context,channel_slope_side,171658,171658,0,1.0,0.0,0.0,0.00052943843184039,4.397289991378784,6.485752249875937,50.278907775878906
context,channel_r2,171658,171658,0,1.0,0.0,0.0,3.0114160054495187e-09,0.42367592453956604,0.2830529694248068,0.9600691199302673
context,channel_width_pct,171658,171658,0,1.0,0.0,0.0,0.18678772449493408,2.3052518367767334,1.7797589640986098,14.011260032653809
context,channel_confluence,171658,171658,0,1.0,0.0,0.0,0.0,1.0,0.35718729945675465,1.0
context,channel_confluence_count,171658,171658,0,1.0,0.0,0.0,1.0,3.0,0.7404914363688464,3.0
context,channel_sign_agree_90,171658,171658,0,1.0,0.0,0.0,0.0,1.0,0.38660722318953333,1.0
context,channel_sign_agree_120,171658,171658,0,1.0,0.0,0.0,0.0,1.0,0.44569466519532863,1.0
context,rsi_channel_side,171658,171658,0,1.0,0.0,0.0,13.401110649108887,48.830596923828125,9.220393217077394,83.304931640625
context,volatility_regime_percentile,171658,171658,0,1.0,0.0,0.0,0.0034722222480922937,0.6805555820465088,0.2416875450066459,1.0
context,running_favourable_excursion_bps,171658,171658,0,1.0,0.0,0.0,0.0,8.94081974029541,33.89466011026979,1524.0201416015625
context,running_recovery_bps,171658,171658,0,1.0,0.0,0.0,0.0,9.987788200378418,33.900170899088515,1524.0201416015625
context,bars_since_adverse_extreme,171658,171658,0,1.0,0.0,0.0,0.0,2.0,3.032529894495279,11.0
context,retest_count,171658,171658,0,1.0,0.0,0.0,0.0,2.0,3.761206548529429,12.0
context,oi_chg_15m_side,171658,171658,0,1.0,0.0,0.0,-0.11350294947624207,-1.3402866898104548e-05,0.004758637019319058,0.08086278289556503
context,oi_chg_1h_side,171658,171658,0,1.0,0.0,0.0,-0.26201552152633667,-0.00011998052650596946,0.010453465603563751,0.1357574462890625
context,oi_chg_4h_side,171658,171658,0,1.0,0.0,0.0,-0.37836983799934387,-0.0005216504214331508,0.020460808406645225,0.14236624538898468
context,oi_accel_1h_side,171658,171658,0,1.0,0.0,0.0,-0.2800470292568207,0.0,0.013800579003385062,0.16933897137641907
context,oi_z_7d,171658,167589,4069,0.9762958906663249,0.02370410933367506,0.02370410933367506,-7.708699703216553,0.08379965275526047,1.2164903811270706,4.886852741241455
context,price_oi_interaction,171658,171658,0,1.0,0.0,0.0,-0.02228580415248871,4.4530905185524716e-08,0.00020600122991103363,0.011240523308515549
context,funding_rate_side,171658,171658,0,1.0,0.0,0.0,-0.001271930057555437,2.058000063698273e-05,0.00024857581623022464,0.0023648201022297144
context,funding_z_side,171658,167589,4069,0.9762958906663249,0.02370410933367506,0.02370410933367506,-25.88438606262207,0.16318759322166443,1.2347416769505768,25.88438606262207
context,toptrader_log_ratio_side,171658,138518,33140,0.8069417096785468,0.19305829032145316,0.19305829032145316,-0.8442854881286621,0.0914129689335823,0.3105853922677275,0.8477840423583984
context,taker_log_ratio_side,171658,158755,12903,0.9248330983700148,0.07516690162998518,0.07516690162998518,-2.8737683296203613,0.0018940812442451715,0.44757022265639657,2.5759568214416504
context,oi_missing,171658,171658,0,1.0,0.0,0.0,0.0,0.0,0.0,0.0
context,funding_missing,171658,171658,0,1.0,0.0,0.0,0.0,0.0,0.0,0.0
context,toptrader_missing,171658,171658,0,1.0,0.0,0.0,0.0,0.0,0.39469834919798,1.0
context,taker_ratio_missing,171658,171658,0,1.0,0.0,0.0,0.0,0.0,0.2636604606863405,1.0
context,positioning_missing,171658,171658,0,1.0,0.0,0.0,0.0,0.0,0.0,0.0
context,positioning_stale,171658,171658,0,1.0,0.0,0.0,0.0,0.0,0.03236505945136912,1.0
context,positioning_age_log,171658,171658,0,1.0,0.0,0.0,0.0,1.7917594909667969,1.0256763832058695,6.373319625854492
context,structural_risk_bps_known,171658,171658,0,1.0,0.0,0.0,5.0,38.86948204040527,49.627049347583394,1468.1314697265625
context,rail_room_r_known,171658,171658,0,1.0,0.0,0.0,-0.859136164188385,5.4558587074279785,11.326766553969621,493.5375671386719
