score_decile,rows,mean_score,mean_net_r,total_net_r,tp_rate,sl_rate,timeout_rate
1,12800,-1.5511272164061665,-1.090790936416988,-13962.123986137449,0.33125,0.62265625,0.04609375
2,12801,-1.1525969719590643,-0.658432238581651,-8428.591086083714,0.27380673384891807,0.5958909460198422,0.13030232013123974
3,12801,-0.9538798030210038,-0.4912882840529023,-6288.981324161203,0.23677837668932114,0.5496445590188267,0.2135770642918522
4,12800,-0.806336587718688,-0.40243090491880407,-5151.115582960692,0.205,0.51109375,0.28390625
5,12801,-0.6820287005797595,-0.3361795340237178,-4303.4342150376115,0.1783454417623623,0.4718381376454964,0.34981642059214124
6,12801,-0.5665504245746509,-0.2655241492301777,-3398.974634295505,0.15615967502538863,0.4211389735176939,0.42270135145691745
7,12800,-0.4546641634521075,-0.22217349213163032,-2843.820699284868,0.13296875,0.3784375,0.48859375
8,12801,-0.33572656495218567,-0.17514160661159395,-2241.9877062350142,0.1179595344113741,0.32653698929771113,0.5555034762909148
9,12801,-0.19109708108179607,-0.1732363311165196,-2217.5982746225673,0.11100695258182955,0.2904460589016483,0.5985469885165221
10,12801,0.1469182662250774,-0.23417822524635756,-2997.7154613786233,0.13936411217873604,0.38582923209124287,0.47480665573002107
