policy,side,year,attempted_trades,observed_trades,mean_net_r,total_net_r
model,long,2022,483,483,-0.37925061378818475,-183.17804645969323
model,long,2023,55,55,-0.10867888793493076,-5.9773388364211915
model,long,2024,139,139,-0.05617644969588633,-7.8085265077282004
model,long,2025,26,26,0.2207870171578274,5.740462446103512
model,short,2022,532,532,-0.2525285910425733,-134.345210434649
model,short,2023,66,66,-0.433862013044298,-28.634892860923667
model,short,2024,118,118,0.15033875141911957,17.739972667456108
model,short,2025,29,29,-0.2727084993588323,-7.908546481406136
first_decision_baseline,long,2022,1429,1429,-0.4676868640962341,-668.3245287935185
first_decision_baseline,long,2023,1682,1682,-0.4995246719148,-840.2004981606935
first_decision_baseline,long,2024,1852,1852,-0.4529928186254403,-838.9427000943153
first_decision_baseline,long,2025,885,885,-0.46807866143917043,-414.24961537366585
first_decision_baseline,short,2022,1658,1658,-0.392906541729016,-651.4390461867085
first_decision_baseline,short,2023,1383,1383,-0.5840577282123929,-807.7518381177393
first_decision_baseline,short,2024,1286,1286,-0.5193606951945555,-667.8978540201983
first_decision_baseline,short,2025,657,657,-0.511056396019742,-335.76405218497047
