threshold,calendar_days,attempted_trades,observed_trades,censored_trades,long_trades,short_trades,trades_per_day,total_net_r,mean_net_r,frequency_admissible,economic_admissible,policy_admissible,primary_registered,exploratory,can_establish_success,display_best
0.0,1277,1448,1448,0,703,745,1.133907595927956,-344.3721264672618,-0.23782605419009795,False,False,False,True,False,True,False
4.883110523223877e-05,1277,1448,1448,0,703,745,1.133907595927956,-344.3721264672618,-0.23782605419009795,False,False,False,False,True,False,False
0.0031666854023933416,1277,1432,1432,0,693,739,1.1213782302270947,-337.1629987323634,-0.23544902146114763,False,False,False,False,True,False,False
0.006742519792169333,1277,1422,1422,0,687,735,1.1135473766640565,-327.10713530006217,-0.2300331471871042,False,False,False,False,True,False,False
0.010347959399223328,1277,1406,1406,0,682,724,1.101018010963195,-330.80528585900754,-0.23528114214723153,False,False,False,False,True,False,False
0.013336799144744876,1277,1391,1391,0,674,717,1.0892717306186375,-320.6023397994295,-0.2304833499636445,False,False,False,False,True,False,False
0.01684335889294744,1277,1379,1379,0,668,711,1.0798747063429914,-313.4789376033786,-0.227323377522392,False,False,False,False,True,False,False
0.020162708163261413,1277,1364,1364,0,663,701,1.0681284259984338,-305.7628734796205,-0.22416632953051358,False,False,False,False,True,False,False
0.02368526563048363,1277,1346,1346,0,653,693,1.0540328895849647,-301.4204623556481,-0.2239379363712096,False,False,False,False,True,False,False
0.026664503812789918,1277,1330,1330,0,647,683,1.0415035238841033,-307.2055829052447,-0.23098164128213886,False,False,False,False,True,False,False
0.030360097885131835,1277,1315,1315,0,639,676,1.029757243539546,-311.4227769128241,-0.23682340449644415,False,False,False,False,True,False,False
0.03384983688592911,1277,1306,1306,0,637,669,1.0227094753328112,-311.76769313000716,-0.23871952000766244,False,False,False,False,True,False,False
0.03697324097156525,1277,1295,1295,0,630,665,1.0140955364134692,-309.4415585537527,-0.2389510104662183,False,False,False,False,True,False,False
0.040453619956970215,1277,1278,1278,0,626,652,1.0007830853563038,-300.95650235818897,-0.23549022093755007,False,False,False,False,True,False,False
0.04364318251609802,1277,1260,1260,0,617,643,0.9866875489428347,-290.68419846890436,-0.23070174481659075,False,False,False,False,True,False,False
0.04654167108237743,1277,1241,1241,0,605,636,0.9718089271730619,-291.5186546586155,-0.23490624871765955,False,False,False,False,True,False,False
0.04991172924637794,1277,1227,1227,0,602,625,0.9608457321848082,-286.78267484419985,-0.23372671136446604,False,False,False,False,True,False,False
0.05361084282398224,1277,1214,1214,0,595,619,0.9506656225528582,-287.3687382538069,-0.23671230498666138,False,False,False,False,True,False,False
0.05724973604083061,1277,1201,1201,0,591,610,0.9404855129209084,-282.84997810045775,-0.23551205503784992,False,False,False,False,True,False,False
0.06111846059560776,1277,1189,1189,0,586,603,0.9310884886452623,-279.741708093847,-0.2352747755204769,False,False,False,False,True,False,False
0.06462277114391327,1277,1179,1179,0,581,598,0.9232576350822239,-283.8490109129891,-0.24075403809413834,False,False,False,False,True,False,False
0.06792738735675813,1277,1166,1166,0,575,591,0.9130775254502741,-283.2018930883311,-0.24288327023012957,False,False,False,False,True,False,False
0.07123717010021209,1277,1146,1146,0,566,580,0.8974158183241974,-280.0704218355136,-0.24438954784948833,False,False,False,False,True,False,False
0.07480457842350006,1277,1135,1135,0,563,572,0.8888018794048551,-272.52423554712436,-0.24010945863182764,False,False,False,False,True,False,False
0.07824896633625031,1277,1123,1123,0,559,564,0.8794048551292091,-267.55993875650336,-0.2382546204421223,False,False,False,False,True,False,False
0.08227375805377961,1277,1116,1116,0,557,559,0.8739232576350823,-273.4574619437112,-0.24503356804992046,False,False,False,False,True,False,False
0.08652562275528908,1277,1105,1105,0,557,548,0.86530931871574,-267.1239437529276,-0.24174112556826025,False,False,False,False,True,False,False
0.09028989613056182,1277,1089,1089,0,550,539,0.8527799530148786,-252.83584433318944,-0.2321724925006331,False,False,False,False,True,False,False
0.0941296654939652,1277,1078,1078,0,545,533,0.8441660140955364,-245.46756034555906,-0.22770645672129783,False,False,False,False,True,False,False
0.0977302223443985,1277,1069,1069,0,541,528,0.8371182458888019,-243.39656939129253,-0.2276862201976544,False,False,False,False,True,False,False
0.10186005771160124,1277,1059,1059,0,537,522,0.8292873923257635,-237.30671630384978,-0.22408566223215276,False,False,False,False,True,False,False
0.10594938099384307,1277,1048,1048,0,532,516,0.8206734534064213,-227.7648144026813,-0.21733283817049742,False,False,False,False,True,False,False
0.1094726425409317,1277,1040,1040,0,526,514,0.8144087705559906,-223.6351166154255,-0.21503376597637067,False,False,False,False,True,False,False
0.11311772167682647,1277,1028,1028,0,520,508,0.8050117462803446,-209.53488065535424,-0.20382770491765978,False,False,False,False,True,False,False
0.11700861096382142,1277,1017,1017,0,517,500,0.7963978073610023,-205.70796193727313,-0.20226938243586345,False,False,False,False,True,False,False
0.12047985970973969,1277,1002,1002,0,509,493,0.7846515270164448,-189.86544527401043,-0.18948647232935173,False,False,False,False,True,False,False
0.12454252541065218,1277,989,989,0,502,487,0.7744714173844949,-180.3443713391039,-0.18235022380091395,False,False,False,False,True,False,False
0.12856905281543732,1277,978,978,0,499,479,0.7658574784651527,-180.70114479208988,-0.1847659967199283,False,False,False,False,True,False,False
0.13258854508399964,1277,968,968,0,494,474,0.7580266249021144,-181.89718361082475,-0.18791031364754623,False,False,False,False,True,False,False
0.13602126836776735,1277,959,959,0,492,467,0.7509788566953798,-174.16819763198257,-0.1816143875203155,False,False,False,False,True,False,False
0.13969953283667563,1277,953,953,0,487,466,0.7462803445575568,-178.98037598144063,-0.18780732002249803,False,False,False,False,True,False,False
0.14377780258655548,1277,945,945,0,485,460,0.7400156617071261,-181.53971537438247,-0.19210551891469044,False,False,False,False,True,False,False
0.14818373382091524,1277,937,937,0,481,456,0.7337509788566954,-167.37760682634263,-0.1786313840195759,False,False,False,False,True,False,False
0.15214775264263153,1277,924,924,0,478,446,0.7235708692247454,-163.627327566618,-0.17708585234482466,False,False,False,False,True,False,False
0.15595361173152925,1277,908,908,0,469,439,0.7110415035238841,-165.03294452118192,-0.1817543441863237,False,False,False,False,True,False,False
0.1590304309129715,1277,899,899,0,464,435,0.7039937353171496,-164.725580089446,-0.18323201344765963,False,False,False,False,True,False,False
0.16336327493190766,1277,883,883,0,460,423,0.6914643696162882,-168.01933370356295,-0.19028237112521285,False,False,False,False,True,False,False
0.16765290051698686,1277,876,876,0,457,419,0.6859827721221613,-163.93984529762145,-0.18714594212057242,False,False,False,False,True,False,False
0.17165485203266145,1277,859,859,0,449,410,0.6726703210649961,-160.78872470512516,-0.18718128603623418,False,False,False,False,True,False,False
0.17579152882099153,1277,845,845,0,442,403,0.6617071260767423,-147.7049122552292,-0.1747987127280819,False,False,False,False,True,False,False
0.1808412963151932,1277,831,831,0,437,394,0.6507439310884886,-152.68179413630747,-0.18373260425548432,False,False,False,False,True,False,False
0.18488992750644684,1277,821,821,0,434,387,0.6429130775254502,-148.9218012501613,-0.18139074451907589,False,False,False,False,True,False,False
0.18905422508716582,1277,810,810,0,429,381,0.6342991386061081,-148.58505686915208,-0.183438341813768,False,False,False,False,True,False,False
0.19341410219669342,1277,797,797,0,424,373,0.6241190289741582,-144.13106657963658,-0.18084199068963186,False,False,False,False,True,False,False
0.19767726719379425,1277,786,786,0,417,369,0.615505090054816,-136.35634933603822,-0.17348136047842014,False,False,False,False,True,False,False
0.20231255978345875,1277,773,773,0,412,361,0.6053249804228661,-126.81279610919609,-0.1640527763378992,False,False,False,False,True,False,False
0.2067126668989659,1277,762,762,0,408,354,0.5967110415035238,-123.70765065856745,-0.1623459982395898,False,False,False,False,True,False,False
0.2107803946733476,1277,745,745,0,401,344,0.5833985904463587,-108.12659593985069,-0.14513637038906133,False,False,False,False,True,False,False
0.21503195703029634,1277,732,732,0,394,338,0.5732184808144087,-106.92560751151682,-0.14607323430535085,False,False,False,False,True,False,False
0.2202991312742233,1277,717,717,0,389,328,0.5614722004698512,-105.4008401658713,-0.14700256647959736,False,False,False,False,True,False,False
0.22486036539077758,1277,705,705,0,382,323,0.5520751761942052,-110.60922072710937,-0.15689251166965867,False,False,False,False,True,False,False
0.2297417551279068,1277,696,696,0,376,320,0.5450274079874706,-108.79172311821088,-0.15630994700892367,False,False,False,False,True,False,False
0.23494374752044675,1277,688,688,0,373,315,0.5387627251370399,-104.72988532743284,-0.15222367053405936,False,False,False,False,True,False,False
0.23988303720951076,1277,679,679,0,370,309,0.5317149569303053,-105.98490682084145,-0.15608970076707135,False,False,False,False,True,False,False
0.24453380286693574,1277,668,668,0,366,302,0.5231010180109632,-105.53724521052175,-0.1579898880397032,False,False,False,False,True,False,False
0.24891693890094757,1277,652,652,0,361,291,0.5105716523101018,-104.06328147253751,-0.15960625992720479,False,False,False,False,True,False,False
0.25368046164512636,1277,643,643,0,358,285,0.5035238841033672,-101.25781734529045,-0.1574771653892542,False,False,False,False,True,False,False
0.2580552649497986,1277,636,636,0,357,279,0.4980422866092404,-100.32595897288846,-0.1577452185108309,False,False,False,False,True,False,False
0.2622007340192795,1277,622,622,0,351,271,0.48707909162098667,-96.8770597027767,-0.15575089984369245,False,False,False,False,True,False,False
0.2683373856544495,1277,604,604,0,342,262,0.4729835552075176,-94.27103801484012,-0.15607787750801344,False,False,False,False,True,False,False
0.27355149388313293,1277,592,592,0,340,252,0.4635865309318716,-87.89767234544638,-0.1484757978808216,False,False,False,False,True,False,False
0.2796863913536073,1277,574,574,0,331,243,0.4494909945184025,-83.44044786774131,-0.14536663391592564,False,False,False,False,True,False,False
0.28619421541690826,1277,557,557,0,322,235,0.4361785434612373,-79.02843361895853,-0.14188228656904583,False,False,False,False,True,False,False
0.2932414412498474,1277,537,537,0,313,224,0.4205168363351605,-74.44675394746133,-0.13863455111259093,False,False,False,False,True,False,False
0.29886145770549777,1277,528,528,0,309,219,0.413469068128426,-71.8465490082522,-0.13607300948532614,False,False,False,False,True,False,False
0.30425008773803713,1277,512,512,0,304,208,0.4009397024275646,-71.22249095877073,-0.1391064276538491,False,False,False,False,True,False,False
0.3117787688970566,1277,499,499,0,299,200,0.39075959279561473,-76.86596140200066,-0.15404000280962057,False,False,False,False,True,False,False
0.31763099431991576,1277,481,481,0,292,189,0.3766640563821457,-77.13677842064818,-0.16036752270405027,False,False,False,False,True,False,False
0.32320054054260255,1277,466,466,0,284,182,0.36491777603758807,-78.582701525862,-0.1686324067078584,False,False,False,False,True,False,False
0.3291595256328583,1277,452,452,0,275,177,0.35395458104933436,-69.42370279966545,-0.15359226283111824,False,False,False,False,True,False,False
0.335396512746811,1277,438,438,0,271,167,0.34299138606108065,-79.92267304302162,-0.18247185626260642,False,False,False,False,True,False,False
0.3413316130638123,1277,419,419,0,261,158,0.32811276429130776,-70.44711614451347,-0.16813154211101067,False,False,False,False,True,False,False
0.34809324085712434,1277,406,406,0,255,151,0.3179326546593579,-67.29463947878975,-0.16575034354381712,False,False,False,False,True,False,False
0.35580106496810915,1277,388,388,0,245,143,0.3038371182458888,-62.74904432578222,-0.16172434104583047,False,False,False,False,True,False,False
0.36436922848224645,1277,373,373,0,239,134,0.2920908379013312,-65.3538947988591,-0.17521151420605657,False,False,False,False,True,False,False
0.370987868309021,1277,357,357,0,230,127,0.27956147220046984,-63.67450403508388,-0.178359955280347,False,False,False,False,True,False,False
0.3800057083368301,1277,341,341,0,221,120,0.26703210649960846,-54.23610240374701,-0.15905015367667746,False,False,False,False,True,False,False
0.3881938934326172,1277,321,321,0,207,114,0.2513703993735317,-46.08427565483106,-0.14356472166614037,False,False,False,False,True,False,False
0.3969351822137832,1277,304,304,0,199,105,0.23805794831636648,-41.413862303612134,-0.13622981020925043,False,False,False,False,True,False,False
0.4069923233985901,1277,283,283,0,185,98,0.22161315583398591,-34.270022639946646,-0.1210954863602355,False,False,False,False,True,False,False
0.41716081559658047,1277,265,265,0,175,90,0.20751761942051683,-29.736387280792194,-0.11221278219166865,False,False,False,False,True,False,False
0.4297103583812714,1277,244,244,0,165,79,0.19107282693813626,-35.401086942250394,-0.14508642189446883,False,False,False,False,True,False,False
0.4418753337860106,1277,226,226,0,156,70,0.17697729052466718,-30.885729231667028,-0.13666251872419038,False,False,False,False,True,False,False
0.45237102270126345,1277,210,210,0,146,64,0.1644479248238058,-28.28350183190671,-0.13468334205669863,False,False,False,False,True,False,False
0.46734862983226794,1277,190,190,0,135,55,0.14878621769772904,-24.23248574205745,-0.12753939864240763,False,False,False,False,True,False,False
0.47971236109733584,1277,163,163,0,119,44,0.12764291307752546,-24.869092252834207,-0.15257111811554727,False,False,False,False,True,False,False
0.4988578319549561,1277,139,139,0,103,36,0.10884886452623337,-20.17774921074703,-0.14516366338666928,False,False,False,False,True,False,False
0.5208763146400452,1277,117,117,0,85,32,0.09162098668754894,-13.918689594068788,-0.11896315892366485,False,False,False,False,True,False,False
0.542953850030899,1277,100,100,0,74,26,0.07830853563038372,-9.934142740937009,-0.09934142740937009,False,False,False,False,True,False,False
0.57303884267807,1277,71,71,0,49,22,0.05559906029757244,-9.275925083876459,-0.13064683216727407,False,False,False,False,True,False,False
0.6247056436538684,1277,37,37,0,24,13,0.028974158183241974,-6.949236194714768,-0.1878171944517505,False,False,False,False,True,False,False
1.0621428489685059,1277,1,1,0,1,0,0.0007830853563038371,0.43801792456205896,0.43801792456205896,False,True,False,False,True,False,True
